year,source_url,source_org,raw_filename,file_format,doc_filename,record_length,imported,notes
1982,https://ftp.cdc.gov/pub/Health_Statistics/NCHS/Datasets/DVS/fetaldeathus/Fetal1982US.zip,NCHS,Fetal1982US.zip,fixed-width zip,1982FetalUserGuide.pdf,200,yes,1978-revision uniform; 62352 records; V3b backward-extension start year
1983,https://ftp.cdc.gov/pub/Health_Statistics/NCHS/Datasets/DVS/fetaldeathus/Fetal1983US.zip,NCHS,Fetal1983US.zip,fixed-width zip,1983FetalUserGuide.pdf,200,yes,1978-revision uniform; 60584 records; V3b backward extension
1984,https://ftp.cdc.gov/pub/Health_Statistics/NCHS/Datasets/DVS/fetaldeathus/Fetal1984US.zip,NCHS,Fetal1984US.zip,fixed-width zip,1984FetalUserGuide.pdf,200,yes,1978-revision uniform; 59863 records; V3b backward extension
1985,https://ftp.cdc.gov/pub/Health_Statistics/NCHS/Datasets/DVS/fetaldeathus/Fetal1985US.zip,NCHS,Fetal1985US.zip,fixed-width zip,1985FetalUserGuide.pdf,200,yes,1978-revision uniform; 59690 records; V3b backward extension; embedded text layer verified per LESSONS L12-extension 2026-05-12T15:00Z
1986,https://ftp.cdc.gov/pub/Health_Statistics/NCHS/Datasets/DVS/fetaldeathus/Fetal1986US.zip,NCHS,Fetal1986US.zip,fixed-width zip,1986FetalUserGuide.pdf,200,yes,1978-revision uniform; 59343 records; V3b backward extension
1987,https://ftp.cdc.gov/pub/Health_Statistics/NCHS/Datasets/DVS/fetaldeathus/Fetal1987US.zip,NCHS,Fetal1987US.zip,fixed-width zip,1987FetalUserGuide.pdf,200,yes,1978-revision uniform; 59358 records; V3b backward extension
1988,https://ftp.cdc.gov/pub/Health_Statistics/NCHS/Datasets/DVS/fetaldeathus/Fetal1988US.zip,NCHS,Fetal1988US.zip,fixed-width zip,1988FetalUserGuide.pdf,200,yes,1978-revision uniform; 59935 records; V3b backward-extension end year (1989-revision begins 1989)
1989,https://ftp.cdc.gov/pub/Health_Statistics/NCHS/Datasets/DVS/fetaldeathus/Fetal1989US.zip,NCHS,Fetal1989US.zip,fixed-width zip,1989FetalUserGuide.pdf,360,yes,1989-revision uniform; 61295 records; V3a backward-extension start year
1990,https://ftp.cdc.gov/pub/Health_Statistics/NCHS/Datasets/DVS/fetaldeathus/Fetal1990US.zip,NCHS,Fetal1990US.zip,fixed-width zip,1990FetalUserGuide.pdf,360,yes,1989-revision uniform; 64349 records; V3a backward extension
1991,https://ftp.cdc.gov/pub/Health_Statistics/NCHS/Datasets/DVS/fetaldeathus/Fetal1991US.zip,NCHS,Fetal1991US.zip,fixed-width zip,1991FetalUserGuide.pdf,360,yes,1989-revision uniform; 63265 records; V3a backward extension
1992,https://ftp.cdc.gov/pub/Health_Statistics/NCHS/Datasets/DVS/fetaldeathus/Fetal1992US.zip,NCHS,Fetal1992US.zip,fixed-width zip,1992FetalUserGuide.pdf,360,yes,1989-revision uniform; 70929 records; benchmark year for V2 layout reconstruction
1993,https://ftp.cdc.gov/pub/Health_Statistics/NCHS/Datasets/DVS/fetaldeathus/Fetal1993US.zip,NCHS,Fetal1993US.zip,fixed-width zip,1993FetalUserGuide.pdf,360,yes,1989-revision uniform
1994,https://ftp.cdc.gov/pub/Health_Statistics/NCHS/Datasets/DVS/fetaldeathus/Fetal1994US.zip,NCHS,Fetal1994US.zip,fixed-width zip,1994FetalUserGuide.pdf,360,yes,1989-revision uniform
1995,https://ftp.cdc.gov/pub/Health_Statistics/NCHS/Datasets/DVS/fetaldeathus/Fetal1995US.zip,NCHS,Fetal1995US.zip,fixed-width zip,1995FetalUserGuide.pdf,360,yes,1989-revision uniform; NVSR 57-08 validation begins this year
1996,https://ftp.cdc.gov/pub/Health_Statistics/NCHS/Datasets/DVS/fetaldeathus/Fetal1996US.zip,NCHS,Fetal1996US.zip,fixed-width zip,1996FetalUserGuide.pdf,360,yes,1989-revision uniform; stale-guide year (control count copy-pasted from 1995)
1997,https://ftp.cdc.gov/pub/Health_Statistics/NCHS/Datasets/DVS/fetaldeathus/Fetal1997US.zip,NCHS,Fetal1997US.zip,fixed-width zip,1997FetalUserGuide.pdf,360,yes,1989-revision uniform
1998,https://ftp.cdc.gov/pub/Health_Statistics/NCHS/Datasets/DVS/fetaldeathus/Fetal1998US.zip,NCHS,Fetal1998US.zip,fixed-width zip,1998FetalUserGuide.pdf,360,yes,1989-revision uniform; clean reference guide for OCR cross-checks
1999,https://ftp.cdc.gov/pub/Health_Statistics/NCHS/Datasets/DVS/fetaldeathus/Fetal1999US.zip,NCHS,Fetal1999US.zip,fixed-width zip,1999FetalUserGuide.pdf,360,yes,1989-revision uniform
2000,https://ftp.cdc.gov/pub/Health_Statistics/NCHS/Datasets/DVS/fetaldeathus/Fetal2000US.zip,NCHS,Fetal2000US.zip,fixed-width zip,2000FetalUserGuide.pdf,360,yes,1989-revision uniform
2001,https://ftp.cdc.gov/pub/Health_Statistics/NCHS/Datasets/DVS/fetaldeathus/Fetal2001US.zip,NCHS,Fetal2001US.zip,fixed-width zip,2001FetalUserGuide.pdf,360,yes,1989-revision uniform; stale-guide year (control count copy-pasted from 2000)
2002,https://ftp.cdc.gov/pub/Health_Statistics/NCHS/Datasets/DVS/fetaldeathus/Fetal2002US.zip,NCHS,Fetal2002US.zip,fixed-width zip,2002FetalUserGuide.pdf,360,yes,1989-revision uniform; stale-guide year (control count copy-pasted from 2000); clean reference guide for OCR cross-checks
2003,https://ftp.cdc.gov/pub/Health_Statistics/NCHS/Datasets/DVS/fetaldeathus/Fetal2003US.zip,NCHS,Fetal2003US.zip,fixed-width zip,2003FetalUserGuide.pdf,1350,yes,V2.1 transition year; mixed 1989/2003-revision content; 54497 records; companion fetaldeath0304problems.pdf documents layout idiosyncrasies
2004,https://ftp.cdc.gov/pub/Health_Statistics/NCHS/Datasets/DVS/fetaldeathus/Fetal2004US.zip,NCHS,Fetal2004US.zip,fixed-width zip,2004FetalUserGuide.pdf,1500,yes,V2.1 transition year; mixed 1989/2003-revision content; 53285 records; companion fetaldeath0304problems.pdf documents layout idiosyncrasies
2005,https://ftp.cdc.gov/pub/Health_Statistics/NCHS/Datasets/DVS/fetaldeathus/Fetal2005US.zip,NCHS,Fetal2005US.zip,fixed-width zip,2005FetalUserGuide.pdf,3350,yes,no COD variant available
2006,https://ftp.cdc.gov/pub/Health_Statistics/NCHS/Datasets/DVS/fetaldeathus/Fetal2006US.zip,NCHS,Fetal2006US.zip,fixed-width zip,2006FetalUserGuide.pdf,3350,yes,benchmark year; no COD variant; 52714 records
2007,https://ftp.cdc.gov/pub/Health_Statistics/NCHS/Datasets/DVS/fetaldeathus/Fetal2007US.zip,NCHS,Fetal2007US.zip,fixed-width zip,2007FetalUserGuide.pdf,801,yes,
2008,https://ftp.cdc.gov/pub/Health_Statistics/NCHS/Datasets/DVS/fetaldeathus/Fetal2008US.zip,NCHS,Fetal2008US.zip,fixed-width zip,2008FetalUserGuide.pdf,3338,yes,
2009,https://ftp.cdc.gov/pub/Health_Statistics/NCHS/Datasets/DVS/fetaldeathus/Fetal2009US.zip,NCHS,Fetal2009US.zip,fixed-width zip,2009FetalUserGuide.pdf,3338,yes,
2010,https://ftp.cdc.gov/pub/Health_Statistics/NCHS/Datasets/DVS/fetaldeathus/Fetal2010US.zip,NCHS,Fetal2010US.zip,fixed-width zip,2010FetalUserGuide.pdf,3338,yes,
2011,https://ftp.cdc.gov/pub/Health_Statistics/NCHS/Datasets/DVS/fetaldeathus/Fetal2011US.zip,NCHS,Fetal2011US.zip,fixed-width zip,2011FetalUserGuide.pdf,3338,yes,
2012,https://ftp.cdc.gov/pub/Health_Statistics/NCHS/Datasets/DVS/fetaldeathus/Fetal2012US.zip,NCHS,Fetal2012US.zip,fixed-width zip,2012FetalUserGuide.pdf,3338,yes,
2013,https://ftp.cdc.gov/pub/Health_Statistics/NCHS/Datasets/DVS/fetaldeathus/Fetal2013US.zip,NCHS,Fetal2013US.zip,fixed-width zip,2013FetalUserGuide.pdf,3338,yes,
2014,https://ftp.cdc.gov/pub/Health_Statistics/NCHS/Datasets/DVS/fetaldeathus/Fetal2014US_COD.zip,NCHS,Fetal2014US_COD.zip,fixed-width zip,2014FetalUserGuide.pdf,3050,yes,benchmark year; COD variant; 52872 records
2015,https://ftp.cdc.gov/pub/Health_Statistics/NCHS/Datasets/DVS/fetaldeathus/Fetal2015US_COD.zip,NCHS,Fetal2015US_COD.zip,fixed-width zip,2015FetalUserGuide.pdf,3050,yes,COD variant
2016,https://ftp.cdc.gov/pub/Health_Statistics/NCHS/Datasets/DVS/fetaldeathus/Fetal2016US_COD.zip,NCHS,Fetal2016US_COD.zip,fixed-width zip,2016FetalUserGuide.pdf,3050,yes,COD variant
2017,https://ftp.cdc.gov/pub/Health_Statistics/NCHS/Datasets/DVS/fetaldeathus/Fetal2017US_COD.zip,NCHS,Fetal2017US_COD.zip,fixed-width zip,2017FetalUserGuide.pdf,3050,yes,COD variant
2018,https://ftp.cdc.gov/pub/Health_Statistics/NCHS/Datasets/DVS/fetaldeathus/Fetal2018US_COD.zip,NCHS,Fetal2018US_COD.zip,fixed-width zip,2018FetalUserGuide.pdf,2651,yes,COD only from 2018+
2019,https://ftp.cdc.gov/pub/Health_Statistics/NCHS/Datasets/DVS/fetaldeathus/Fetal2019US_COD.zip,NCHS,Fetal2019US_COD.zip,fixed-width zip,2019FetalUserGuide.pdf,2651,yes,COD only
2020,https://ftp.cdc.gov/pub/Health_Statistics/NCHS/Datasets/DVS/fetaldeathus/Fetal2020US_COD.zip,NCHS,Fetal2020US_COD.zip,fixed-width zip,2020fetaluserguide.pdf,2651,yes,COD only; doc filename lowercase
2021,https://ftp.cdc.gov/pub/Health_Statistics/NCHS/Datasets/DVS/fetaldeathus/Fetal2021US_COD.zip,NCHS,Fetal2021US_COD.zip,fixed-width zip,2021fetaluserguide.pdf,2651,yes,COD only; doc filename lowercase
2022,https://ftp.cdc.gov/pub/Health_Statistics/NCHS/Datasets/DVS/fetaldeathus/Fetal2022US_COD.zip,NCHS,Fetal2022US_COD.zip,fixed-width zip,2022fetaluserguide.pdf,2651,yes,benchmark year; COD only; 40113 records; doc filename lowercase
2023,https://ftp.cdc.gov/pub/Health_Statistics/NCHS/Datasets/DVS/fetaldeathus/Fetal2023US_COD.zip,NCHS,Fetal2023US_COD.zip,fixed-width zip,2023fetaluserguide.pdf,2651,yes,COD only; 39574 records; doc URL at /Dataset_Documentation/DVS/fetaldeath/ (no us suffix; NCHS reorganized 2023+)
2024,https://ftp.cdc.gov/pub/Health_Statistics/NCHS/Datasets/DVS/fetaldeathus/Fetal2024US_COD.zip,NCHS,Fetal2024US_COD.zip,fixed-width zip,2024fetaluserguide.pdf,2651,yes,COD only; 35648 records; doc URL at /Dataset_Documentation/DVS/fetaldeath/
