data_year,maternal_age_band,maternal_race_bridged,hispanic_origin,live_births
1992,<20,1,0,237079
1992,<20,1,1,77076
1992,<20,1,2,12051
1992,<20,1,3,782
1992,<20,1,4,7841
1992,<20,1,5,9709
1992,<20,1,9,3568
1992,<20,2,0,150599
1992,<20,2,1,320
1992,<20,2,2,524
1992,<20,2,3,35
1992,<20,2,4,619
1992,<20,2,5,197
1992,<20,2,9,954
1992,<20,3,0,7353
1992,<20,3,1,272
1992,<20,3,2,27
1992,<20,3,3,2
1992,<20,3,4,11
1992,<20,3,5,87
1992,<20,3,9,125
1992,<20,4,0,5770
1992,<20,4,1,104
1992,<20,4,2,145
1992,<20,4,4,62
1992,<20,4,5,223
1992,<20,4,9,65
1992,<20,,0,1897
1992,<20,,1,12
1992,<20,,2,7
1992,<20,,4,8
1992,<20,,5,23
1992,<20,,9,88
1992,20-24,1,0,605805
1992,20-24,1,1,142102
1992,20-24,1,2,18899
1992,20-24,1,3,2031
1992,20-24,1,4,21135
1992,20-24,1,5,15043
1992,20-24,1,9,9407
1992,20-24,2,0,211470
1992,20-24,2,1,435
1992,20-24,2,2,675
1992,20-24,2,3,63
1992,20-24,2,4,1519
1992,20-24,2,5,362
1992,20-24,2,9,1533
1992,20-24,3,0,12199
1992,20-24,3,1,335
1992,20-24,3,2,47
1992,20-24,3,3,4
1992,20-24,3,4,32
1992,20-24,3,5,150
1992,20-24,3,9,192
1992,20-24,4,0,19227
1992,20-24,4,1,163
1992,20-24,4,2,221
1992,20-24,4,3,6
1992,20-24,4,4,168
1992,20-24,4,5,437
1992,20-24,4,9,270
1992,20-24,,0,6228
1992,20-24,,1,40
1992,20-24,,2,14
1992,20-24,,3,2
1992,20-24,,4,16
1992,20-24,,5,49
1992,20-24,,9,211
1992,25-29,1,0,780453
1992,25-29,1,1,114233
1992,25-29,1,2,14447
1992,25-29,1,3,4018
1992,25-29,1,4,25967
1992,25-29,1,5,11989
1992,25-29,1,9,13479
1992,25-29,2,0,153562
1992,25-29,2,1,262
1992,25-29,2,2,459
1992,25-29,2,3,86
1992,25-29,2,4,1662
1992,25-29,2,5,312
1992,25-29,2,9,1617
1992,25-29,3,0,9293
1992,25-29,3,1,209
1992,25-29,3,2,26
1992,25-29,3,3,3
1992,25-29,3,4,36
1992,25-29,3,5,108
1992,25-29,3,9,150
1992,25-29,4,0,35744
1992,25-29,4,1,117
1992,25-29,4,2,109
1992,25-29,4,3,4
1992,25-29,4,4,159
1992,25-29,4,5,462
1992,25-29,4,9,546
1992,25-29,,0,9365
1992,25-29,,1,56
1992,25-29,,2,8
1992,25-29,,3,2
1992,25-29,,4,28
1992,25-29,,5,82
1992,25-29,,9,211
1992,30-34,1,0,631510
1992,30-34,1,1,64826
1992,30-34,1,2,7939
1992,30-34,1,3,3061
1992,30-34,1,4,18334
1992,30-34,1,5,7602
1992,30-34,1,9,12238
1992,30-34,2,0,97266
1992,30-34,2,1,121
1992,30-34,2,2,248
1992,30-34,2,3,78
1992,30-34,2,4,1195
1992,30-34,2,5,217
1992,30-34,2,9,1214
1992,30-34,3,0,5596
1992,30-34,3,1,129
1992,30-34,3,2,15
1992,30-34,3,3,4
1992,30-34,3,4,15
1992,30-34,3,5,70
1992,30-34,3,9,99
1992,30-34,4,0,34911
1992,30-34,4,1,92
1992,30-34,4,2,56
1992,30-34,4,3,3
1992,30-34,4,4,109
1992,30-34,4,5,322
1992,30-34,4,9,477
1992,30-34,,0,7239
1992,30-34,,1,25
1992,30-34,,2,4
1992,30-34,,3,3
1992,30-34,,4,19
1992,30-34,,5,49
1992,30-34,,9,185
1992,35-39,1,0,236963
1992,35-39,1,1,25709
1992,35-39,1,2,2949
1992,35-39,1,3,1057
1992,35-39,1,4,7885
1992,35-39,1,5,2826
1992,35-39,1,9,5228
1992,35-39,2,0,38167
1992,35-39,2,1,48
1992,35-39,2,2,90
1992,35-39,2,3,28
1992,35-39,2,4,505
1992,35-39,2,5,84
1992,35-39,2,9,467
1992,35-39,3,0,2271
1992,35-39,3,1,45
1992,35-39,3,2,4
1992,35-39,3,3,1
1992,35-39,3,4,9
1992,35-39,3,5,27
1992,35-39,3,9,49
1992,35-39,4,0,16512
1992,35-39,4,1,31
1992,35-39,4,2,16
1992,35-39,4,3,1
1992,35-39,4,4,45
1992,35-39,4,5,133
1992,35-39,4,9,213
1992,35-39,,0,3140
1992,35-39,,1,11
1992,35-39,,2,3
1992,35-39,,4,8
1992,35-39,,5,26
1992,35-39,,9,93
1992,40+,1,0,37335
1992,40+,1,1,5258
1992,40+,1,2,568
1992,40+,1,3,188
1992,40+,1,4,1555
1992,40+,1,5,511
1992,40+,1,9,1022
1992,40+,2,0,6401
1992,40+,2,1,8
1992,40+,2,2,20
1992,40+,2,3,10
1992,40+,2,4,92
1992,40+,2,5,18
1992,40+,2,9,91
1992,40+,3,0,443
1992,40+,3,1,7
1992,40+,3,5,5
1992,40+,3,9,3
1992,40+,4,0,3357
1992,40+,4,1,5
1992,40+,4,2,4
1992,40+,4,4,7
1992,40+,4,5,20
1992,40+,4,9,46
1992,40+,,0,682
1992,40+,,1,2
1992,40+,,4,3
1992,40+,,5,10
1992,40+,,9,39
1993,<20,1,0,233905
1993,<20,1,1,79807
1993,<20,1,2,12180
1993,<20,1,3,768
1993,<20,1,4,8274
1993,<20,1,5,9587
1993,<20,1,9,3051
1993,<20,2,0,146573
1993,<20,2,1,341
1993,<20,2,2,606
1993,<20,2,3,34
1993,<20,2,4,705
1993,<20,2,5,233
1993,<20,2,9,1078
1993,<20,3,0,7299
1993,<20,3,1,297
1993,<20,3,2,33
1993,<20,3,3,2
1993,<20,3,4,17
1993,<20,3,5,78
1993,<20,3,9,145
1993,<20,4,0,5698
1993,<20,4,1,135
1993,<20,4,2,143
1993,<20,4,3,1
1993,<20,4,4,76
1993,<20,4,5,204
1993,<20,4,9,111
1993,<20,,0,2041
1993,<20,,1,15
1993,<20,,2,9
1993,<20,,3,1
1993,<20,,4,69
1993,<20,,5,30
1993,<20,,9,101
1993,20-24,1,0,581946
1993,20-24,1,1,145250
1993,20-24,1,2,17534
1993,20-24,1,3,2129
1993,20-24,1,4,21402
1993,20-24,1,5,13516
1993,20-24,1,9,8377
1993,20-24,2,0,203219
1993,20-24,2,1,446
1993,20-24,2,2,759
1993,20-24,2,3,76
1993,20-24,2,4,1553
1993,20-24,2,5,368
1993,20-24,2,9,1728
1993,20-24,3,0,11837
1993,20-24,3,1,363
1993,20-24,3,2,47
1993,20-24,3,3,4
1993,20-24,3,4,24
1993,20-24,3,5,122
1993,20-24,3,9,211
1993,20-24,4,0,18931
1993,20-24,4,1,176
1993,20-24,4,2,182
1993,20-24,4,3,4
1993,20-24,4,4,171
1993,20-24,4,5,444
1993,20-24,4,9,335
1993,20-24,,0,6498
1993,20-24,,1,29
1993,20-24,,2,10
1993,20-24,,3,6
1993,20-24,,4,200
1993,20-24,,5,60
1993,20-24,,9,170
1993,25-29,1,0,738136
1993,25-29,1,1,116817
1993,25-29,1,2,13706
1993,25-29,1,3,3848
1993,25-29,1,4,25918
1993,25-29,1,5,11130
1993,25-29,1,9,11217
1993,25-29,2,0,146862
1993,25-29,2,1,283
1993,25-29,2,2,508
1993,25-29,2,3,73
1993,25-29,2,4,1880
1993,25-29,2,5,350
1993,25-29,2,9,1610
1993,25-29,3,0,8917
1993,25-29,3,1,225
1993,25-29,3,2,40
1993,25-29,3,3,6
1993,25-29,3,4,26
1993,25-29,3,5,94
1993,25-29,3,9,164
1993,25-29,4,0,35397
1993,25-29,4,1,120
1993,25-29,4,2,117
1993,25-29,4,3,5
1993,25-29,4,4,169
1993,25-29,4,5,419
1993,25-29,4,9,626
1993,25-29,,0,9681
1993,25-29,,1,44
1993,25-29,,2,17
1993,25-29,,3,3
1993,25-29,,4,189
1993,25-29,,5,70
1993,25-29,,9,195
1993,30-34,1,0,632562
1993,30-34,1,1,67345
1993,30-34,1,2,8061
1993,30-34,1,3,3468
1993,30-34,1,4,19237
1993,30-34,1,5,7319
1993,30-34,1,9,11454
1993,30-34,2,0,97689
1993,30-34,2,1,143
1993,30-34,2,2,309
1993,30-34,2,3,88
1993,30-34,2,4,1260
1993,30-34,2,5,201
1993,30-34,2,9,1276
1993,30-34,3,0,5556
1993,30-34,3,1,131
1993,30-34,3,2,10
1993,30-34,3,3,3
1993,30-34,3,4,22
1993,30-34,3,5,74
1993,30-34,3,9,114
1993,30-34,4,0,35632
1993,30-34,4,1,79
1993,30-34,4,2,69
1993,30-34,4,3,3
1993,30-34,4,4,138
1993,30-34,4,5,333
1993,30-34,4,9,539
1993,30-34,,0,7641
1993,30-34,,1,23
1993,30-34,,2,11
1993,30-34,,3,3
1993,30-34,,4,143
1993,30-34,,5,58
1993,30-34,,9,157
1993,35-39,1,0,245717
1993,35-39,1,1,26171
1993,35-39,1,2,2985
1993,35-39,1,3,1156
1993,35-39,1,4,8363
1993,35-39,1,5,2755
1993,35-39,1,9,5546
1993,35-39,2,0,39921
1993,35-39,2,1,44
1993,35-39,2,2,108
1993,35-39,2,3,37
1993,35-39,2,4,609
1993,35-39,2,5,101
1993,35-39,2,9,528
1993,35-39,3,0,2259
1993,35-39,3,1,58
1993,35-39,3,2,4
1993,35-39,3,3,1
1993,35-39,3,4,10
1993,35-39,3,5,32
1993,35-39,3,9,45
1993,35-39,4,0,16852
1993,35-39,4,1,31
1993,35-39,4,2,20
1993,35-39,4,3,1
1993,35-39,4,4,46
1993,35-39,4,5,149
1993,35-39,4,9,296
1993,35-39,,0,3034
1993,35-39,,1,11
1993,35-39,,2,4
1993,35-39,,3,3
1993,35-39,,4,55
1993,35-39,,5,34
1993,35-39,,9,67
1993,40+,1,0,39765
1993,40+,1,1,5320
1993,40+,1,2,603
1993,40+,1,3,184
1993,40+,1,4,1678
1993,40+,1,5,473
1993,40+,1,9,1173
1993,40+,2,0,7009
1993,40+,2,1,16
1993,40+,2,2,23
1993,40+,2,3,8
1993,40+,2,4,114
1993,40+,2,5,15
1993,40+,2,9,91
1993,40+,3,0,435
1993,40+,3,1,7
1993,40+,3,4,1
1993,40+,3,5,7
1993,40+,3,9,12
1993,40+,4,0,3538
1993,40+,4,1,2
1993,40+,4,2,3
1993,40+,4,4,15
1993,40+,4,5,32
1993,40+,4,9,43
1993,40+,,0,795
1993,40+,,1,4
1993,40+,,2,1
1993,40+,,3,1
1993,40+,,4,7
1993,40+,,5,8
1993,40+,,9,17
1994,<20,1,0,235589
1994,<20,1,1,83504
1994,<20,1,2,12452
1994,<20,1,3,827
1994,<20,1,4,8812
1994,<20,1,5,9353
1994,<20,1,9,3522
1994,<20,2,0,144272
1994,<20,2,1,452
1994,<20,2,2,632
1994,<20,2,3,32
1994,<20,2,4,862
1994,<20,2,5,232
1994,<20,2,9,951
1994,<20,3,0,7285
1994,<20,3,1,339
1994,<20,3,2,34
1994,<20,3,3,3
1994,<20,3,4,15
1994,<20,3,5,87
1994,<20,3,9,153
1994,<20,4,0,5932
1994,<20,4,1,177
1994,<20,4,2,150
1994,<20,4,3,3
1994,<20,4,4,65
1994,<20,4,5,263
1994,<20,4,9,50
1994,<20,,0,2211
1994,<20,,1,41
1994,<20,,2,8
1994,<20,,3,1
1994,<20,,4,13
1994,<20,,5,22
1994,<20,,9,45
1994,20-24,1,0,556019
1994,20-24,1,1,146919
1994,20-24,1,2,16856
1994,20-24,1,3,2278
1994,20-24,1,4,21191
1994,20-24,1,5,13268
1994,20-24,1,9,7554
1994,20-24,2,0,192939
1994,20-24,2,1,546
1994,20-24,2,2,725
1994,20-24,2,3,55
1994,20-24,2,4,1809
1994,20-24,2,5,349
1994,20-24,2,9,1418
1994,20-24,3,0,11349
1994,20-24,3,1,370
1994,20-24,3,2,47
1994,20-24,3,3,5
1994,20-24,3,4,19
1994,20-24,3,5,130
1994,20-24,3,9,238
1994,20-24,4,0,18928
1994,20-24,4,1,181
1994,20-24,4,2,183
1994,20-24,4,3,7
1994,20-24,4,4,156
1994,20-24,4,5,468
1994,20-24,4,9,156
1994,20-24,,0,6968
1994,20-24,,1,59
1994,20-24,,2,10
1994,20-24,,3,2
1994,20-24,,4,33
1994,20-24,,5,66
1994,20-24,,9,117
1994,25-29,1,0,708577
1994,25-29,1,1,118173
1994,25-29,1,2,13134
1994,25-29,1,3,3544
1994,25-29,1,4,25550
1994,25-29,1,5,10911
1994,25-29,1,9,9692
1994,25-29,2,0,137891
1994,25-29,2,1,349
1994,25-29,2,2,476
1994,25-29,2,3,81
1994,25-29,2,4,2016
1994,25-29,2,5,278
1994,25-29,2,9,1264
1994,25-29,3,0,8406
1994,25-29,3,1,249
1994,25-29,3,2,25
1994,25-29,3,3,8
1994,25-29,3,4,30
1994,25-29,3,5,104
1994,25-29,3,9,188
1994,25-29,4,0,35966
1994,25-29,4,1,163
1994,25-29,4,2,119
1994,25-29,4,3,5
1994,25-29,4,4,174
1994,25-29,4,5,437
1994,25-29,4,9,319
1994,25-29,,0,10364
1994,25-29,,1,53
1994,25-29,,2,10
1994,25-29,,3,3
1994,25-29,,4,50
1994,25-29,,5,89
1994,25-29,,9,147
1994,30-34,1,0,637244
1994,30-34,1,1,69465
1994,30-34,1,2,8091
1994,30-34,1,3,3528
1994,30-34,1,4,19694
1994,30-34,1,5,7455
1994,30-34,1,9,9394
1994,30-34,2,0,96016
1994,30-34,2,1,191
1994,30-34,2,2,296
1994,30-34,2,3,67
1994,30-34,2,4,1405
1994,30-34,2,5,182
1994,30-34,2,9,998
1994,30-34,3,0,5340
1994,30-34,3,1,162
1994,30-34,3,2,11
1994,30-34,3,3,4
1994,30-34,3,4,18
1994,30-34,3,5,88
1994,30-34,3,9,115
1994,30-34,4,0,37470
1994,30-34,4,1,123
1994,30-34,4,2,70
1994,30-34,4,3,5
1994,30-34,4,4,125
1994,30-34,4,5,358
1994,30-34,4,9,282
1994,30-34,,0,8077
1994,30-34,,1,32
1994,30-34,,2,7
1994,30-34,,3,2
1994,30-34,,4,32
1994,30-34,,5,50
1994,30-34,,9,101
1994,35-39,1,0,257984
1994,35-39,1,1,27103
1994,35-39,1,2,3165
1994,35-39,1,3,1156
1994,35-39,1,4,8788
1994,35-39,1,5,2819
1994,35-39,1,9,4276
1994,35-39,2,0,40733
1994,35-39,2,1,67
1994,35-39,2,2,124
1994,35-39,2,3,26
1994,35-39,2,4,596
1994,35-39,2,5,89
1994,35-39,2,9,394
1994,35-39,3,0,2266
1994,35-39,3,1,61
1994,35-39,3,2,4
1994,35-39,3,3,2
1994,35-39,3,4,6
1994,35-39,3,5,42
1994,35-39,3,9,54
1994,35-39,4,0,17987
1994,35-39,4,1,47
1994,35-39,4,2,20
1994,35-39,4,4,44
1994,35-39,4,5,153
1994,35-39,4,9,142
1994,35-39,,0,3353
1994,35-39,,1,17
1994,35-39,,2,3
1994,35-39,,3,1
1994,35-39,,4,17
1994,35-39,,5,20
1994,35-39,,9,49
1994,40+,1,0,43442
1994,40+,1,1,5660
1994,40+,1,2,563
1994,40+,1,3,236
1994,40+,1,4,1841
1994,40+,1,5,506
1994,40+,1,9,869
1994,40+,2,0,7347
1994,40+,2,1,8
1994,40+,2,2,16
1994,40+,2,3,7
1994,40+,2,4,105
1994,40+,2,5,15
1994,40+,2,9,80
1994,40+,3,0,439
1994,40+,3,1,17
1994,40+,3,2,1
1994,40+,3,4,2
1994,40+,3,5,13
1994,40+,3,9,11
1994,40+,4,0,3906
1994,40+,4,1,7
1994,40+,4,2,7
1994,40+,4,3,1
1994,40+,4,4,13
1994,40+,4,5,21
1994,40+,4,9,37
1994,40+,,0,815
1994,40+,,1,1
1994,40+,,2,1
1994,40+,,4,4
1994,40+,,5,8
1994,40+,,9,10
1995,<20,1,0,232735
1995,<20,1,1,87114
1995,<20,1,2,12218
1995,<20,1,3,916
1995,<20,1,4,9221
1995,<20,1,5,9078
1995,<20,1,9,4207
1995,<20,2,0,136729
1995,<20,2,1,388
1995,<20,2,2,499
1995,<20,2,3,36
1995,<20,2,4,778
1995,<20,2,5,195
1995,<20,2,9,996
1995,<20,3,0,7283
1995,<20,3,1,393
1995,<20,3,2,34
1995,<20,3,3,7
1995,<20,3,4,17
1995,<20,3,5,111
1995,<20,3,9,122
1995,<20,4,0,5992
1995,<20,4,1,182
1995,<20,4,2,135
1995,<20,4,3,4
1995,<20,4,4,35
1995,<20,4,5,204
1995,<20,4,9,40
1995,<20,,0,2337
1995,<20,,1,23
1995,<20,,2,7
1995,<20,,3,2
1995,<20,,4,11
1995,<20,,5,28
1995,<20,,9,38
1995,20-24,1,0,529499
1995,20-24,1,1,150363
1995,20-24,1,2,16094
1995,20-24,1,3,2303
1995,20-24,1,4,21897
1995,20-24,1,5,13159
1995,20-24,1,9,9808
1995,20-24,2,0,179209
1995,20-24,2,1,421
1995,20-24,2,2,535
1995,20-24,2,3,84
1995,20-24,2,4,1507
1995,20-24,2,5,216
1995,20-24,2,9,1463
1995,20-24,3,0,11181
1995,20-24,3,1,439
1995,20-24,3,2,39
1995,20-24,3,3,5
1995,20-24,3,4,28
1995,20-24,3,5,130
1995,20-24,3,9,147
1995,20-24,4,0,18664
1995,20-24,4,1,223
1995,20-24,4,2,172
1995,20-24,4,3,4
1995,20-24,4,4,108
1995,20-24,4,5,369
1995,20-24,4,9,147
1995,20-24,,0,7121
1995,20-24,,1,39
1995,20-24,,2,8
1995,20-24,,3,4
1995,20-24,,4,14
1995,20-24,,5,50
1995,20-24,,9,97
1995,25-29,1,0,684135
1995,25-29,1,1,121921
1995,25-29,1,2,12453
1995,25-29,1,3,3538
1995,25-29,1,4,25585
1995,25-29,1,5,10841
1995,25-29,1,9,14549
1995,25-29,2,0,129752
1995,25-29,2,1,234
1995,25-29,2,2,370
1995,25-29,2,3,85
1995,25-29,2,4,1611
1995,25-29,2,5,222
1995,25-29,2,9,1261
1995,25-29,3,0,8032
1995,25-29,3,1,261
1995,25-29,3,2,19
1995,25-29,3,3,9
1995,25-29,3,4,28
1995,25-29,3,5,116
1995,25-29,3,9,106
1995,25-29,4,0,36303
1995,25-29,4,1,158
1995,25-29,4,2,139
1995,25-29,4,3,6
1995,25-29,4,4,101
1995,25-29,4,5,400
1995,25-29,4,9,257
1995,25-29,,0,10783
1995,25-29,,1,32
1995,25-29,,2,9
1995,25-29,,3,4
1995,25-29,,4,36
1995,25-29,,5,80
1995,25-29,,9,103
1995,30-34,1,0,627126
1995,30-34,1,1,72063
1995,30-34,1,2,7843
1995,30-34,1,3,3785
1995,30-34,1,4,20536
1995,30-34,1,5,7892
1995,30-34,1,9,15417
1995,30-34,2,0,93126
1995,30-34,2,1,112
1995,30-34,2,2,245
1995,30-34,2,3,79
1995,30-34,2,4,1372
1995,30-34,2,5,153
1995,30-34,2,9,997
1995,30-34,3,0,5404
1995,30-34,3,1,177
1995,30-34,3,2,16
1995,30-34,3,4,24
1995,30-34,3,5,81
1995,30-34,3,9,75
1995,30-34,4,0,38432
1995,30-34,4,1,117
1995,30-34,4,2,60
1995,30-34,4,3,5
1995,30-34,4,4,80
1995,30-34,4,5,318
1995,30-34,4,9,270
1995,30-34,,0,8666
1995,30-34,,1,18
1995,30-34,,2,8
1995,30-34,,3,4
1995,30-34,,4,17
1995,30-34,,5,58
1995,30-34,,9,90
1995,35-39,1,0,263469
1995,35-39,1,1,28749
1995,35-39,1,2,3170
1995,35-39,1,3,1306
1995,35-39,1,4,9239
1995,35-39,1,5,3225
1995,35-39,1,9,7008
1995,35-39,2,0,41265
1995,35-39,2,1,47
1995,35-39,2,2,103
1995,35-39,2,3,34
1995,35-39,2,4,571
1995,35-39,2,5,70
1995,35-39,2,9,417
1995,35-39,3,0,2310
1995,35-39,3,1,84
1995,35-39,3,2,6
1995,35-39,3,3,2
1995,35-39,3,4,13
1995,35-39,3,5,34
1995,35-39,3,9,39
1995,35-39,4,0,18598
1995,35-39,4,1,50
1995,35-39,4,2,21
1995,35-39,4,3,3
1995,35-39,4,4,47
1995,35-39,4,5,140
1995,35-39,4,9,131
1995,35-39,,0,3511
1995,35-39,,1,7
1995,35-39,,2,5
1995,35-39,,3,1
1995,35-39,,4,11
1995,35-39,,5,26
1995,35-39,,9,33
1995,40+,1,0,45674
1995,40+,1,1,5956
1995,40+,1,2,594
1995,40+,1,3,237
1995,40+,1,4,1970
1995,40+,1,5,616
1995,40+,1,9,1376
1995,40+,2,0,7700
1995,40+,2,1,6
1995,40+,2,2,17
1995,40+,2,3,10
1995,40+,2,4,128
1995,40+,2,5,12
1995,40+,2,9,84
1995,40+,3,0,471
1995,40+,3,1,23
1995,40+,3,2,1
1995,40+,3,4,3
1995,40+,3,5,4
1995,40+,3,9,4
1995,40+,4,0,4093
1995,40+,4,1,12
1995,40+,4,2,4
1995,40+,4,4,7
1995,40+,4,5,28
1995,40+,4,9,35
1995,40+,,0,895
1995,40+,,1,3
1995,40+,,4,1
1995,40+,,5,4
1995,40+,,9,9
1996,<20,1,0,227729
1996,<20,1,1,87714
1996,<20,1,2,11883
1996,<20,1,3,909
1996,<20,1,4,9341
1996,<20,1,5,8594
1996,<20,1,9,4041
1996,<20,2,0,132700
1996,<20,2,1,467
1996,<20,2,2,644
1996,<20,2,3,47
1996,<20,2,4,919
1996,<20,2,5,219
1996,<20,2,9,793
1996,<20,3,0,7280
1996,<20,3,1,410
1996,<20,3,2,28
1996,<20,3,3,2
1996,<20,3,4,31
1996,<20,3,5,109
1996,<20,3,9,73
1996,<20,4,0,6014
1996,<20,4,1,159
1996,<20,4,2,139
1996,<20,4,3,4
1996,<20,4,4,18
1996,<20,4,5,250
1996,<20,4,9,52
1996,<20,,0,2084
1996,<20,,1,15
1996,<20,,2,6
1996,<20,,3,1
1996,<20,,4,7
1996,<20,,5,18
1996,<20,,9,25
1996,20-24,1,0,508056
1996,20-24,1,1,156644
1996,20-24,1,2,15673
1996,20-24,1,3,2389
1996,20-24,1,4,22066
1996,20-24,1,5,12436
1996,20-24,1,9,9405
1996,20-24,2,0,174958
1996,20-24,2,1,499
1996,20-24,2,2,664
1996,20-24,2,3,75
1996,20-24,2,4,1763
1996,20-24,2,5,311
1996,20-24,2,9,1091
1996,20-24,3,0,11384
1996,20-24,3,1,421
1996,20-24,3,2,44
1996,20-24,3,3,7
1996,20-24,3,4,41
1996,20-24,3,5,136
1996,20-24,3,9,109
1996,20-24,4,0,19407
1996,20-24,4,1,253
1996,20-24,4,2,199
1996,20-24,4,3,4
1996,20-24,4,4,45
1996,20-24,4,5,381
1996,20-24,4,9,141
1996,20-24,,0,6423
1996,20-24,,1,40
1996,20-24,,2,12
1996,20-24,,3,1
1996,20-24,,4,28
1996,20-24,,5,41
1996,20-24,,9,63
1996,25-29,1,0,683376
1996,25-29,1,1,128828
1996,25-29,1,2,12446
1996,25-29,1,3,3426
1996,25-29,1,4,25809
1996,25-29,1,5,10575
1996,25-29,1,9,13989
1996,25-29,2,0,129002
1996,25-29,2,1,316
1996,25-29,2,2,474
1996,25-29,2,3,78
1996,25-29,2,4,1960
1996,25-29,2,5,250
1996,25-29,2,9,1124
1996,25-29,3,0,8348
1996,25-29,3,1,263
1996,25-29,3,2,23
1996,25-29,3,3,3
1996,25-29,3,4,37
1996,25-29,3,5,98
1996,25-29,3,9,72
1996,25-29,4,0,38485
1996,25-29,4,1,193
1996,25-29,4,2,123
1996,25-29,4,3,3
1996,25-29,4,4,49
1996,25-29,4,5,384
1996,25-29,4,9,285
1996,25-29,,0,11039
1996,25-29,,1,21
1996,25-29,,2,9
1996,25-29,,3,2
1996,25-29,,4,26
1996,25-29,,5,82
1996,25-29,,9,89
1996,30-34,1,0,616224
1996,30-34,1,1,75951
1996,30-34,1,2,7965
1996,30-34,1,3,3797
1996,30-34,1,4,21184
1996,30-34,1,5,7558
1996,30-34,1,9,14757
1996,30-34,2,0,91050
1996,30-34,2,1,138
1996,30-34,2,2,328
1996,30-34,2,3,78
1996,30-34,2,4,1523
1996,30-34,2,5,192
1996,30-34,2,9,986
1996,30-34,3,0,5439
1996,30-34,3,1,175
1996,30-34,3,2,17
1996,30-34,3,3,3
1996,30-34,3,4,31
1996,30-34,3,5,97
1996,30-34,3,9,54
1996,30-34,4,0,40478
1996,30-34,4,1,118
1996,30-34,4,2,77
1996,30-34,4,3,7
1996,30-34,4,4,44
1996,30-34,4,5,313
1996,30-34,4,9,282
1996,30-34,,0,8873
1996,30-34,,1,18
1996,30-34,,2,5
1996,30-34,,3,3
1996,30-34,,4,20
1996,30-34,,5,48
1996,30-34,,9,80
1996,35-39,1,0,274431
1996,35-39,1,1,30414
1996,35-39,1,2,3308
1996,35-39,1,3,1490
1996,35-39,1,4,9883
1996,35-39,1,5,3237
1996,35-39,1,9,7019
1996,35-39,2,0,42279
1996,35-39,2,1,51
1996,35-39,2,2,115
1996,35-39,2,3,46
1996,35-39,2,4,725
1996,35-39,2,5,75
1996,35-39,2,9,425
1996,35-39,3,0,2432
1996,35-39,3,1,79
1996,35-39,3,2,12
1996,35-39,3,3,2
1996,35-39,3,4,21
1996,35-39,3,5,32
1996,35-39,3,9,28
1996,35-39,4,0,19408
1996,35-39,4,1,53
1996,35-39,4,2,31
1996,35-39,4,3,4
1996,35-39,4,4,23
1996,35-39,4,5,162
1996,35-39,4,9,139
1996,35-39,,0,3511
1996,35-39,,1,3
1996,35-39,,2,2
1996,35-39,,3,3
1996,35-39,,4,9
1996,35-39,,5,32
1996,35-39,,9,26
1996,40+,1,0,49173
1996,40+,1,1,6385
1996,40+,1,2,607
1996,40+,1,3,221
1996,40+,1,4,2125
1996,40+,1,5,617
1996,40+,1,9,1382
1996,40+,2,0,8110
1996,40+,2,1,11
1996,40+,2,2,23
1996,40+,2,3,6
1996,40+,2,4,151
1996,40+,2,5,13
1996,40+,2,9,102
1996,40+,3,0,510
1996,40+,3,1,15
1996,40+,3,2,1
1996,40+,3,4,3
1996,40+,3,5,6
1996,40+,3,9,4
1996,40+,4,0,4487
1996,40+,4,1,11
1996,40+,4,2,5
1996,40+,4,3,2
1996,40+,4,4,4
1996,40+,4,5,38
1996,40+,4,9,28
1996,40+,,0,794
1996,40+,,1,1
1996,40+,,4,2
1996,40+,,5,5
1996,40+,,9,7
1997,<20,1,0,222097
1997,<20,1,1,87561
1997,<20,1,2,11511
1997,<20,1,3,891
1997,<20,1,4,8985
1997,<20,1,5,8292
1997,<20,1,9,3956
1997,<20,2,0,129956
1997,<20,2,1,420
1997,<20,2,2,639
1997,<20,2,3,53
1997,<20,2,4,1180
1997,<20,2,5,228
1997,<20,2,9,775
1997,<20,3,0,7253
1997,<20,3,1,350
1997,<20,3,2,34
1997,<20,3,3,3
1997,<20,3,4,32
1997,<20,3,5,130
1997,<20,3,9,210
1997,<20,4,0,5973
1997,<20,4,1,177
1997,<20,4,2,148
1997,<20,4,3,2
1997,<20,4,4,17
1997,<20,4,5,221
1997,<20,4,9,64
1997,<20,,0,2077
1997,<20,,1,21
1997,<20,,2,11
1997,<20,,3,2
1997,<20,,4,10
1997,<20,,5,37
1997,<20,,9,25
1997,20-24,1,0,500928
1997,20-24,1,1,158212
1997,20-24,1,2,16102
1997,20-24,1,3,2438
1997,20-24,1,4,21560
1997,20-24,1,5,12212
1997,20-24,1,9,9094
1997,20-24,2,0,177494
1997,20-24,2,1,443
1997,20-24,2,2,832
1997,20-24,2,3,70
1997,20-24,2,4,2315
1997,20-24,2,5,362
1997,20-24,2,9,1084
1997,20-24,3,0,11386
1997,20-24,3,1,406
1997,20-24,3,2,44
1997,20-24,3,3,7
1997,20-24,3,4,65
1997,20-24,3,5,143
1997,20-24,3,9,265
1997,20-24,4,0,18885
1997,20-24,4,1,219
1997,20-24,4,2,201
1997,20-24,4,3,2
1997,20-24,4,4,30
1997,20-24,4,5,385
1997,20-24,4,9,138
1997,20-24,,0,6534
1997,20-24,,1,24
1997,20-24,,2,13
1997,20-24,,3,3
1997,20-24,,4,22
1997,20-24,,5,42
1997,20-24,,9,88
1997,25-29,1,0,674498
1997,25-29,1,1,132727
1997,25-29,1,2,12631
1997,25-29,1,3,3531
1997,25-29,1,4,24666
1997,25-29,1,5,10227
1997,25-29,1,9,13356
1997,25-29,2,0,130942
1997,25-29,2,1,283
1997,25-29,2,2,535
1997,25-29,2,3,69
1997,25-29,2,4,2331
1997,25-29,2,5,264
1997,25-29,2,9,1105
1997,25-29,3,0,8487
1997,25-29,3,1,253
1997,25-29,3,2,28
1997,25-29,3,3,4
1997,25-29,3,4,60
1997,25-29,3,5,127
1997,25-29,3,9,209
1997,25-29,4,0,39546
1997,25-29,4,1,171
1997,25-29,4,2,129
1997,25-29,4,3,1
1997,25-29,4,4,42
1997,25-29,4,5,427
1997,25-29,4,9,264
1997,25-29,,0,12221
1997,25-29,,1,31
1997,25-29,,2,14
1997,25-29,,3,4
1997,25-29,,4,45
1997,25-29,,5,69
1997,25-29,,9,139
1997,30-34,1,0,603304
1997,30-34,1,1,78490
1997,30-34,1,2,7982
1997,30-34,1,3,3757
1997,30-34,1,4,20613
1997,30-34,1,5,7092
1997,30-34,1,9,14333
1997,30-34,2,0,90637
1997,30-34,2,1,131
1997,30-34,2,2,307
1997,30-34,2,3,68
1997,30-34,2,4,1981
1997,30-34,2,5,177
1997,30-34,2,9,822
1997,30-34,3,0,5355
1997,30-34,3,1,161
1997,30-34,3,2,9
1997,30-34,3,3,5
1997,30-34,3,4,39
1997,30-34,3,5,82
1997,30-34,3,9,161
1997,30-34,4,0,40543
1997,30-34,4,1,99
1997,30-34,4,2,57
1997,30-34,4,3,4
1997,30-34,4,4,45
1997,30-34,4,5,335
1997,30-34,4,9,290
1997,30-34,,0,9716
1997,30-34,,1,10
1997,30-34,,2,2
1997,30-34,,3,1
1997,30-34,,4,32
1997,30-34,,5,60
1997,30-34,,9,98
1997,35-39,1,0,280393
1997,35-39,1,1,31858
1997,35-39,1,2,3326
1997,35-39,1,3,1651
1997,35-39,1,4,10034
1997,35-39,1,5,3140
1997,35-39,1,9,7021
1997,35-39,2,0,43434
1997,35-39,2,1,49
1997,35-39,2,2,149
1997,35-39,2,3,44
1997,35-39,2,4,847
1997,35-39,2,5,69
1997,35-39,2,9,477
1997,35-39,3,0,2469
1997,35-39,3,1,75
1997,35-39,3,2,7
1997,35-39,3,3,1
1997,35-39,3,4,19
1997,35-39,3,5,50
1997,35-39,3,9,73
1997,35-39,4,0,20130
1997,35-39,4,1,37
1997,35-39,4,2,31
1997,35-39,4,3,1
1997,35-39,4,4,21
1997,35-39,4,5,150
1997,35-39,4,9,160
1997,35-39,,0,3917
1997,35-39,,1,7
1997,35-39,,2,2
1997,35-39,,4,9
1997,35-39,,5,24
1997,35-39,,9,35
1997,40+,1,0,52143
1997,40+,1,1,6772
1997,40+,1,2,678
1997,40+,1,3,267
1997,40+,1,4,2198
1997,40+,1,5,586
1997,40+,1,9,1527
1997,40+,2,0,8968
1997,40+,2,1,9
1997,40+,2,2,24
1997,40+,2,3,7
1997,40+,2,4,200
1997,40+,2,5,19
1997,40+,2,9,114
1997,40+,3,0,522
1997,40+,3,1,14
1997,40+,3,2,2
1997,40+,3,4,3
1997,40+,3,5,12
1997,40+,3,9,17
1997,40+,4,0,4508
1997,40+,4,1,13
1997,40+,4,2,2
1997,40+,4,3,1
1997,40+,4,4,3
1997,40+,4,5,31
1997,40+,4,9,44
1997,40+,,0,858
1997,40+,,1,1
1997,40+,,4,1
1997,40+,,5,8
1997,40+,,9,9
1998,<20,1,0,221301
1998,<20,1,1,89522
1998,<20,1,2,11853
1998,<20,1,3,863
1998,<20,1,4,8959
1998,<20,1,5,9415
1998,<20,1,9,3582
1998,<20,2,0,128280
1998,<20,2,1,368
1998,<20,2,2,523
1998,<20,2,3,43
1998,<20,2,4,1036
1998,<20,2,5,267
1998,<20,2,9,709
1998,<20,3,0,7641
1998,<20,3,1,367
1998,<20,3,2,32
1998,<20,3,3,5
1998,<20,3,4,64
1998,<20,3,5,120
1998,<20,3,9,169
1998,<20,4,0,6208
1998,<20,4,1,180
1998,<20,4,2,140
1998,<20,4,4,25
1998,<20,4,5,269
1998,<20,4,9,68
1998,<20,,0,2268
1998,<20,,1,21
1998,<20,,2,5
1998,<20,,4,12
1998,<20,,5,15
1998,<20,,9,27
1998,20-24,1,0,511101
1998,20-24,1,1,162501
1998,20-24,1,2,16996
1998,20-24,1,3,2457
1998,20-24,1,4,22027
1998,20-24,1,5,13450
1998,20-24,1,9,8132
1998,20-24,2,0,184263
1998,20-24,2,1,445
1998,20-24,2,2,685
1998,20-24,2,3,70
1998,20-24,2,4,2210
1998,20-24,2,5,438
1998,20-24,2,9,977
1998,20-24,3,0,12056
1998,20-24,3,1,450
1998,20-24,3,2,37
1998,20-24,3,4,116
1998,20-24,3,5,167
1998,20-24,3,9,220
1998,20-24,4,0,18687
1998,20-24,4,1,241
1998,20-24,4,2,197
1998,20-24,4,3,6
1998,20-24,4,4,50
1998,20-24,4,5,412
1998,20-24,4,9,151
1998,20-24,,0,6333
1998,20-24,,1,54
1998,20-24,,2,15
1998,20-24,,3,3
1998,20-24,,4,27
1998,20-24,,5,59
1998,20-24,,9,89
1998,25-29,1,0,678227
1998,25-29,1,1,138317
1998,25-29,1,2,13056
1998,25-29,1,3,3669
1998,25-29,1,4,24806
1998,25-29,1,5,11323
1998,25-29,1,9,11290
1998,25-29,2,0,135158
1998,25-29,2,1,257
1998,25-29,2,2,406
1998,25-29,2,3,83
1998,25-29,2,4,2204
1998,25-29,2,5,361
1998,25-29,2,9,833
1998,25-29,3,0,8781
1998,25-29,3,1,286
1998,25-29,3,2,26
1998,25-29,3,3,4
1998,25-29,3,4,108
1998,25-29,3,5,132
1998,25-29,3,9,192
1998,25-29,4,0,39960
1998,25-29,4,1,196
1998,25-29,4,2,142
1998,25-29,4,3,3
1998,25-29,4,4,46
1998,25-29,4,5,423
1998,25-29,4,9,315
1998,25-29,,0,12101
1998,25-29,,1,35
1998,25-29,,2,13
1998,25-29,,3,2
1998,25-29,,4,36
1998,25-29,,5,78
1998,25-29,,9,141
1998,30-34,1,0,603639
1998,30-34,1,1,81734
1998,30-34,1,2,8461
1998,30-34,1,3,3681
1998,30-34,1,4,20881
1998,30-34,1,5,7626
1998,30-34,1,9,11510
1998,30-34,2,0,90827
1998,30-34,2,1,94
1998,30-34,2,2,243
1998,30-34,2,3,79
1998,30-34,2,4,1643
1998,30-34,2,5,255
1998,30-34,2,9,644
1998,30-34,3,0,5489
1998,30-34,3,1,185
1998,30-34,3,2,15
1998,30-34,3,3,3
1998,30-34,3,4,51
1998,30-34,3,5,88
1998,30-34,3,9,99
1998,30-34,4,0,41362
1998,30-34,4,1,105
1998,30-34,4,2,70
1998,30-34,4,3,7
1998,30-34,4,4,28
1998,30-34,4,5,341
1998,30-34,4,9,310
1998,30-34,,0,9638
1998,30-34,,1,22
1998,30-34,,2,12
1998,30-34,,3,1
1998,30-34,,4,24
1998,30-34,,5,53
1998,30-34,,9,145
1998,35-39,1,0,291202
1998,35-39,1,1,33330
1998,35-39,1,2,3528
1998,35-39,1,3,1869
1998,35-39,1,4,10456
1998,35-39,1,5,3397
1998,35-39,1,9,6017
1998,35-39,2,0,45096
1998,35-39,2,1,37
1998,35-39,2,2,108
1998,35-39,2,3,51
1998,35-39,2,4,821
1998,35-39,2,5,116
1998,35-39,2,9,428
1998,35-39,3,0,2570
1998,35-39,3,1,63
1998,35-39,3,2,5
1998,35-39,3,3,1
1998,35-39,3,4,44
1998,35-39,3,5,45
1998,35-39,3,9,67
1998,35-39,4,0,21153
1998,35-39,4,1,39
1998,35-39,4,2,19
1998,35-39,4,3,4
1998,35-39,4,4,30
1998,35-39,4,5,182
1998,35-39,4,9,198
1998,35-39,,0,3920
1998,35-39,,1,15
1998,35-39,,2,2
1998,35-39,,3,1
1998,35-39,,4,10
1998,35-39,,5,22
1998,35-39,,9,44
1998,40+,1,0,55992
1998,40+,1,1,7113
1998,40+,1,2,734
1998,40+,1,3,312
1998,40+,1,4,2310
1998,40+,1,5,711
1998,40+,1,9,1377
1998,40+,2,0,9503
1998,40+,2,1,8
1998,40+,2,2,20
1998,40+,2,3,9
1998,40+,2,4,181
1998,40+,2,5,21
1998,40+,2,9,102
1998,40+,3,0,531
1998,40+,3,1,14
1998,40+,3,2,2
1998,40+,3,4,10
1998,40+,3,5,5
1998,40+,3,9,12
1998,40+,4,0,4847
1998,40+,4,1,11
1998,40+,4,2,4
1998,40+,4,4,10
1998,40+,4,5,47
1998,40+,4,9,57
1998,40+,,0,841
1998,40+,,1,1
1998,40+,,4,1
1998,40+,,5,11
1998,40+,,9,12
1999,<20,1,0,214971
1999,<20,1,1,93258
1999,<20,1,2,11346
1999,<20,1,3,946
1999,<20,1,4,9255
1999,<20,1,5,9073
1999,<20,1,9,3778
1999,<20,2,0,122175
1999,<20,2,1,397
1999,<20,2,2,536
1999,<20,2,3,51
1999,<20,2,4,944
1999,<20,2,5,353
1999,<20,2,9,687
1999,<20,3,0,7351
1999,<20,3,1,371
1999,<20,3,2,27
1999,<20,3,3,6
1999,<20,3,4,46
1999,<20,3,5,116
1999,<20,3,9,196
1999,<20,4,0,6249
1999,<20,4,1,178
1999,<20,4,2,159
1999,<20,4,4,22
1999,<20,4,5,231
1999,<20,4,9,71
1999,<20,,0,2192
1999,<20,,1,31
1999,<20,,2,10
1999,<20,,3,2
1999,<20,,4,27
1999,<20,,5,17
1999,<20,,9,32
1999,20-24,1,0,514386
1999,20-24,1,1,168657
1999,20-24,1,2,17310
1999,20-24,1,3,2331
1999,20-24,1,4,23416
1999,20-24,1,5,13888
1999,20-24,1,9,8383
1999,20-24,2,0,188247
1999,20-24,2,1,533
1999,20-24,2,2,690
1999,20-24,2,3,81
1999,20-24,2,4,2168
1999,20-24,2,5,560
1999,20-24,2,9,932
1999,20-24,3,0,12191
1999,20-24,3,1,455
1999,20-24,3,2,31
1999,20-24,3,3,3
1999,20-24,3,4,120
1999,20-24,3,5,154
1999,20-24,3,9,271
1999,20-24,4,0,19449
1999,20-24,4,1,207
1999,20-24,4,2,236
1999,20-24,4,3,3
1999,20-24,4,4,63
1999,20-24,4,5,367
1999,20-24,4,9,157
1999,20-24,,0,6338
1999,20-24,,1,47
1999,20-24,,2,22
1999,20-24,,3,2
1999,20-24,,4,83
1999,20-24,,5,48
1999,20-24,,9,100
1999,25-29,1,0,663569
1999,25-29,1,1,145314
1999,25-29,1,2,13004
1999,25-29,1,3,3570
1999,25-29,1,4,26122
1999,25-29,1,5,11121
1999,25-29,1,9,10954
1999,25-29,2,0,134784
1999,25-29,2,1,290
1999,25-29,2,2,401
1999,25-29,2,3,74
1999,25-29,2,4,2100
1999,25-29,2,5,409
1999,25-29,2,9,810
1999,25-29,3,0,8870
1999,25-29,3,1,289
1999,25-29,3,2,33
1999,25-29,3,3,4
1999,25-29,3,4,101
1999,25-29,3,5,130
1999,25-29,3,9,214
1999,25-29,4,0,41770
1999,25-29,4,1,192
1999,25-29,4,2,159
1999,25-29,4,3,7
1999,25-29,4,4,58
1999,25-29,4,5,384
1999,25-29,4,9,298
1999,25-29,,0,12809
1999,25-29,,1,30
1999,25-29,,2,19
1999,25-29,,3,4
1999,25-29,,4,91
1999,25-29,,5,79
1999,25-29,,9,189
1999,30-34,1,0,600830
1999,30-34,1,1,86413
1999,30-34,1,2,8272
1999,30-34,1,3,3561
1999,30-34,1,4,21857
1999,30-34,1,5,7877
1999,30-34,1,9,11138
1999,30-34,2,0,88403
1999,30-34,2,1,116
1999,30-34,2,2,258
1999,30-34,2,3,63
1999,30-34,2,4,1722
1999,30-34,2,5,252
1999,30-34,2,9,672
1999,30-34,3,0,5260
1999,30-34,3,1,165
1999,30-34,3,2,8
1999,30-34,3,3,2
1999,30-34,3,4,65
1999,30-34,3,5,68
1999,30-34,3,9,133
1999,30-34,4,0,43582
1999,30-34,4,1,116
1999,30-34,4,2,58
1999,30-34,4,3,1
1999,30-34,4,4,50
1999,30-34,4,5,298
1999,30-34,4,9,369
1999,30-34,,0,10529
1999,30-34,,1,24
1999,30-34,,2,11
1999,30-34,,3,2
1999,30-34,,4,65
1999,30-34,,5,45
1999,30-34,,9,115
1999,35-39,1,0,294590
1999,35-39,1,1,35983
1999,35-39,1,2,3608
1999,35-39,1,3,1983
1999,35-39,1,4,11331
1999,35-39,1,5,3579
1999,35-39,1,9,5885
1999,35-39,2,0,45746
1999,35-39,2,1,59
1999,35-39,2,2,118
1999,35-39,2,3,39
1999,35-39,2,4,839
1999,35-39,2,5,142
1999,35-39,2,9,334
1999,35-39,3,0,2607
1999,35-39,3,1,82
1999,35-39,3,2,14
1999,35-39,3,3,1
1999,35-39,3,4,24
1999,35-39,3,5,39
1999,35-39,3,9,77
1999,35-39,4,0,22432
1999,35-39,4,1,50
1999,35-39,4,2,21
1999,35-39,4,3,4
1999,35-39,4,4,33
1999,35-39,4,5,134
1999,35-39,4,9,201
1999,35-39,,0,4211
1999,35-39,,1,8
1999,35-39,,2,4
1999,35-39,,4,32
1999,35-39,,5,19
1999,35-39,,9,65
1999,40+,1,0,58104
1999,40+,1,1,7364
1999,40+,1,2,749
1999,40+,1,3,337
1999,40+,1,4,2449
1999,40+,1,5,668
1999,40+,1,9,1271
1999,40+,2,0,9626
1999,40+,2,1,14
1999,40+,2,2,24
1999,40+,2,3,11
1999,40+,2,4,201
1999,40+,2,5,31
1999,40+,2,9,78
1999,40+,3,0,592
1999,40+,3,1,18
1999,40+,3,2,2
1999,40+,3,4,10
1999,40+,3,5,14
1999,40+,3,9,10
1999,40+,4,0,4827
1999,40+,4,1,11
1999,40+,4,2,7
1999,40+,4,4,6
1999,40+,4,5,32
1999,40+,4,9,63
1999,40+,,0,890
1999,40+,,1,2
1999,40+,,2,1
1999,40+,,4,7
1999,40+,,5,4
1999,40+,,9,15
2000,<20,1,0,205896
2000,<20,1,1,97999
2000,<20,1,2,10827
2000,<20,1,3,955
2000,<20,1,4,9991
2000,<20,1,5,8498
2000,<20,1,9,3286
2000,<20,2,0,119755
2000,<20,2,1,475
2000,<20,2,2,569
2000,<20,2,3,49
2000,<20,2,4,1027
2000,<20,2,5,399
2000,<20,2,9,488
2000,<20,3,0,7442
2000,<20,3,1,410
2000,<20,3,2,30
2000,<20,3,3,4
2000,<20,3,4,67
2000,<20,3,5,106
2000,<20,3,9,156
2000,<20,4,0,6032
2000,<20,4,1,164
2000,<20,4,2,170
2000,<20,4,3,2
2000,<20,4,4,27
2000,<20,4,5,221
2000,<20,4,9,55
2000,<20,,0,2257
2000,<20,,1,27
2000,<20,,2,15
2000,<20,,3,2
2000,<20,,4,55
2000,<20,,5,18
2000,<20,,9,35
2000,20-24,1,0,523971
2000,20-24,1,1,181359
2000,20-24,1,2,17933
2000,20-24,1,3,2229
2000,20-24,1,4,25848
2000,20-24,1,5,13501
2000,20-24,1,9,7970
2000,20-24,2,0,197190
2000,20-24,2,1,626
2000,20-24,2,2,863
2000,20-24,2,3,82
2000,20-24,2,4,2363
2000,20-24,2,5,671
2000,20-24,2,9,801
2000,20-24,3,0,12487
2000,20-24,3,1,504
2000,20-24,3,2,49
2000,20-24,3,3,3
2000,20-24,3,4,154
2000,20-24,3,5,173
2000,20-24,3,9,263
2000,20-24,4,0,20563
2000,20-24,4,1,307
2000,20-24,4,2,226
2000,20-24,4,3,1
2000,20-24,4,4,42
2000,20-24,4,5,349
2000,20-24,4,9,193
2000,20-24,,0,6723
2000,20-24,,1,71
2000,20-24,,2,22
2000,20-24,,3,3
2000,20-24,,4,120
2000,20-24,,5,53
2000,20-24,,9,93
2000,25-29,1,0,651445
2000,25-29,1,1,156532
2000,25-29,1,2,12829
2000,25-29,1,3,3821
2000,25-29,1,4,28712
2000,25-29,1,5,10927
2000,25-29,1,9,9914
2000,25-29,2,0,137545
2000,25-29,2,1,383
2000,25-29,2,2,475
2000,25-29,2,3,89
2000,25-29,2,4,2241
2000,25-29,2,5,486
2000,25-29,2,9,749
2000,25-29,3,0,9262
2000,25-29,3,1,304
2000,25-29,3,2,31
2000,25-29,3,3,2
2000,25-29,3,4,154
2000,25-29,3,5,129
2000,25-29,3,9,171
2000,25-29,4,0,45454
2000,25-29,4,1,176
2000,25-29,4,2,153
2000,25-29,4,3,2
2000,25-29,4,4,78
2000,25-29,4,5,349
2000,25-29,4,9,340
2000,25-29,,0,14345
2000,25-29,,1,44
2000,25-29,,2,11
2000,25-29,,3,4
2000,25-29,,4,147
2000,25-29,,5,88
2000,25-29,,9,155
2000,30-34,1,0,617371
2000,30-34,1,1,94182
2000,30-34,1,2,8613
2000,30-34,1,3,3591
2000,30-34,1,4,23648
2000,30-34,1,5,7502
2000,30-34,1,9,9801
2000,30-34,2,0,91477
2000,30-34,2,1,168
2000,30-34,2,2,321
2000,30-34,2,3,68
2000,30-34,2,4,1820
2000,30-34,2,5,364
2000,30-34,2,9,590
2000,30-34,3,0,5577
2000,30-34,3,1,190
2000,30-34,3,2,10
2000,30-34,3,3,5
2000,30-34,3,4,108
2000,30-34,3,5,89
2000,30-34,3,9,118
2000,30-34,4,0,50114
2000,30-34,4,1,118
2000,30-34,4,2,106
2000,30-34,4,3,6
2000,30-34,4,4,72
2000,30-34,4,5,284
2000,30-34,4,9,376
2000,30-34,,0,12248
2000,30-34,,1,41
2000,30-34,,2,8
2000,30-34,,3,6
2000,30-34,,4,120
2000,30-34,,5,53
2000,30-34,,9,113
2000,35-39,1,0,302576
2000,35-39,1,1,39174
2000,35-39,1,2,3878
2000,35-39,1,3,2078
2000,35-39,1,4,12307
2000,35-39,1,5,3588
2000,35-39,1,9,5110
2000,35-39,2,0,47577
2000,35-39,2,1,53
2000,35-39,2,2,143
2000,35-39,2,3,54
2000,35-39,2,4,940
2000,35-39,2,5,168
2000,35-39,2,9,360
2000,35-39,3,0,2699
2000,35-39,3,1,99
2000,35-39,3,2,6
2000,35-39,3,3,3
2000,35-39,3,4,66
2000,35-39,3,5,49
2000,35-39,3,9,61
2000,35-39,4,0,25556
2000,35-39,4,1,56
2000,35-39,4,2,37
2000,35-39,4,3,3
2000,35-39,4,4,45
2000,35-39,4,5,133
2000,35-39,4,9,208
2000,35-39,,0,4846
2000,35-39,,1,10
2000,35-39,,2,2
2000,35-39,,3,3
2000,35-39,,4,70
2000,35-39,,5,28
2000,35-39,,9,71
2000,40+,1,0,61709
2000,40+,1,1,8391
2000,40+,1,2,763
2000,40+,1,3,354
2000,40+,1,4,2878
2000,40+,1,5,750
2000,40+,1,9,1298
2000,40+,2,0,10802
2000,40+,2,1,13
2000,40+,2,2,24
2000,40+,2,3,10
2000,40+,2,4,202
2000,40+,2,5,33
2000,40+,2,9,85
2000,40+,3,0,617
2000,40+,3,1,24
2000,40+,3,2,1
2000,40+,3,4,15
2000,40+,3,5,11
2000,40+,3,9,19
2000,40+,4,0,5512
2000,40+,4,1,12
2000,40+,4,2,8
2000,40+,4,4,14
2000,40+,4,5,31
2000,40+,4,9,64
2000,40+,,0,946
2000,40+,,1,3
2000,40+,,2,1
2000,40+,,4,13
2000,40+,,5,5
2000,40+,,9,9
2001,<20,1,0,191742
2001,<20,1,1,99700
2001,<20,1,2,10257
2001,<20,1,3,972
2001,<20,1,4,10329
2001,<20,1,5,7717
2001,<20,1,9,1941
2001,<20,2,0,111653
2001,<20,2,1,469
2001,<20,2,2,580
2001,<20,2,3,66
2001,<20,2,4,956
2001,<20,2,5,259
2001,<20,2,9,315
2001,<20,3,0,7247
2001,<20,3,1,402
2001,<20,3,2,44
2001,<20,3,3,7
2001,<20,3,4,93
2001,<20,3,5,109
2001,<20,3,9,182
2001,<20,4,0,5818
2001,<20,4,1,132
2001,<20,4,2,168
2001,<20,4,3,3
2001,<20,4,4,21
2001,<20,4,5,189
2001,<20,4,9,56
2001,<20,,0,2172
2001,<20,,1,23
2001,<20,,2,7
2001,<20,,3,1
2001,<20,,4,38
2001,<20,,5,20
2001,<20,,9,37
2001,20-24,1,0,523027
2001,20-24,1,1,190624
2001,20-24,1,2,17544
2001,20-24,1,3,2295
2001,20-24,1,4,28232
2001,20-24,1,5,13485
2001,20-24,1,9,4322
2001,20-24,2,0,194391
2001,20-24,2,1,668
2001,20-24,2,2,843
2001,20-24,2,3,92
2001,20-24,2,4,2175
2001,20-24,2,5,396
2001,20-24,2,9,656
2001,20-24,3,0,12825
2001,20-24,3,1,563
2001,20-24,3,2,42
2001,20-24,3,3,13
2001,20-24,3,4,170
2001,20-24,3,5,153
2001,20-24,3,9,305
2001,20-24,4,0,20605
2001,20-24,4,1,270
2001,20-24,4,2,222
2001,20-24,4,3,5
2001,20-24,4,4,61
2001,20-24,4,5,383
2001,20-24,4,9,130
2001,20-24,,0,6844
2001,20-24,,1,42
2001,20-24,,2,18
2001,20-24,,3,3
2001,20-24,,4,77
2001,20-24,,5,55
2001,20-24,,9,91
2001,25-29,1,0,622361
2001,25-29,1,1,164248
2001,25-29,1,2,12719
2001,25-29,1,3,3952
2001,25-29,1,4,31271
2001,25-29,1,5,10767
2001,25-29,1,9,5025
2001,25-29,2,0,133491
2001,25-29,2,1,365
2001,25-29,2,2,517
2001,25-29,2,3,88
2001,25-29,2,4,2056
2001,25-29,2,5,314
2001,25-29,2,9,569
2001,25-29,3,0,9017
2001,25-29,3,1,328
2001,25-29,3,2,31
2001,25-29,3,3,4
2001,25-29,3,4,141
2001,25-29,3,5,118
2001,25-29,3,9,239
2001,25-29,4,0,44564
2001,25-29,4,1,200
2001,25-29,4,2,151
2001,25-29,4,3,2
2001,25-29,4,4,63
2001,25-29,4,5,359
2001,25-29,4,9,215
2001,25-29,,0,14753
2001,25-29,,1,36
2001,25-29,,2,8
2001,25-29,,3,1
2001,25-29,,4,90
2001,25-29,,5,81
2001,25-29,,9,121
2001,30-34,1,0,625435
2001,30-34,1,1,100702
2001,30-34,1,2,8850
2001,30-34,1,3,3740
2001,30-34,1,4,25579
2001,30-34,1,5,7841
2001,30-34,1,9,5147
2001,30-34,2,0,91710
2001,30-34,2,1,176
2001,30-34,2,2,318
2001,30-34,2,3,73
2001,30-34,2,4,1662
2001,30-34,2,5,218
2001,30-34,2,9,503
2001,30-34,3,0,5626
2001,30-34,3,1,199
2001,30-34,3,2,18
2001,30-34,3,3,4
2001,30-34,3,4,118
2001,30-34,3,5,87
2001,30-34,3,9,138
2001,30-34,4,0,50533
2001,30-34,4,1,117
2001,30-34,4,2,79
2001,30-34,4,3,3
2001,30-34,4,4,56
2001,30-34,4,5,353
2001,30-34,4,9,247
2001,30-34,,0,12894
2001,30-34,,1,19
2001,30-34,,2,10
2001,30-34,,3,1
2001,30-34,,4,73
2001,30-34,,5,56
2001,30-34,,9,112
2001,35-39,1,0,300007
2001,35-39,1,1,42499
2001,35-39,1,2,4057
2001,35-39,1,3,2189
2001,35-39,1,4,13623
2001,35-39,1,5,3763
2001,35-39,1,9,2678
2001,35-39,2,0,47494
2001,35-39,2,1,70
2001,35-39,2,2,154
2001,35-39,2,3,56
2001,35-39,2,4,906
2001,35-39,2,5,83
2001,35-39,2,9,302
2001,35-39,3,0,2675
2001,35-39,3,1,77
2001,35-39,3,2,8
2001,35-39,3,3,2
2001,35-39,3,4,58
2001,35-39,3,5,46
2001,35-39,3,9,74
2001,35-39,4,0,25281
2001,35-39,4,1,47
2001,35-39,4,2,29
2001,35-39,4,3,3
2001,35-39,4,4,35
2001,35-39,4,5,180
2001,35-39,4,9,157
2001,35-39,,0,5054
2001,35-39,,1,14
2001,35-39,,2,6
2001,35-39,,3,3
2001,35-39,,4,19
2001,35-39,,5,25
2001,35-39,,9,49
2001,40+,1,0,64006
2001,40+,1,1,8958
2001,40+,1,2,845
2001,40+,1,3,422
2001,40+,1,4,3249
2001,40+,1,5,762
2001,40+,1,9,744
2001,40+,2,0,11178
2001,40+,2,1,12
2001,40+,2,2,36
2001,40+,2,3,14
2001,40+,2,4,180
2001,40+,2,5,24
2001,40+,2,9,68
2001,40+,3,0,627
2001,40+,3,1,29
2001,40+,3,2,2
2001,40+,3,3,1
2001,40+,3,4,17
2001,40+,3,5,7
2001,40+,3,9,26
2001,40+,4,0,5544
2001,40+,4,1,9
2001,40+,4,2,5
2001,40+,4,3,2
2001,40+,4,4,7
2001,40+,4,5,44
2001,40+,4,9,48
2001,40+,,0,998
2001,40+,,1,2
2001,40+,,4,10
2001,40+,,5,7
2001,40+,,9,13
2002,<20,1,0,181004
2002,<20,1,1,98546
2002,<20,1,2,9584
2002,<20,1,3,1088
2002,<20,1,4,9851
2002,<20,1,5,8009
2002,<20,1,9,1790
2002,<20,2,0,104626
2002,<20,2,1,431
2002,<20,2,2,471
2002,<20,2,3,62
2002,<20,2,4,805
2002,<20,2,5,223
2002,<20,2,9,365
2002,<20,3,0,7035
2002,<20,3,1,434
2002,<20,3,2,31
2002,<20,3,3,6
2002,<20,3,4,53
2002,<20,3,5,128
2002,<20,3,9,153
2002,<20,4,0,5349
2002,<20,4,1,155
2002,<20,4,2,118
2002,<20,4,3,2
2002,<20,4,4,22
2002,<20,4,5,212
2002,<20,4,9,63
2002,<20,,0,2061
2002,<20,,1,27
2002,<20,,2,7
2002,<20,,3,1
2002,<20,,4,19
2002,<20,,5,36
2002,<20,,9,41
2002,20-24,1,0,519153
2002,20-24,1,1,195269
2002,20-24,1,2,17578
2002,20-24,1,3,2296
2002,20-24,1,4,29354
2002,20-24,1,5,14687
2002,20-24,1,9,4663
2002,20-24,2,0,190241
2002,20-24,2,1,626
2002,20-24,2,2,814
2002,20-24,2,3,92
2002,20-24,2,4,1934
2002,20-24,2,5,337
2002,20-24,2,9,660
2002,20-24,3,0,13031
2002,20-24,3,1,608
2002,20-24,3,2,69
2002,20-24,3,3,12
2002,20-24,3,4,141
2002,20-24,3,5,199
2002,20-24,3,9,283
2002,20-24,4,0,21465
2002,20-24,4,1,281
2002,20-24,4,2,246
2002,20-24,4,3,6
2002,20-24,4,4,41
2002,20-24,4,5,408
2002,20-24,4,9,205
2002,20-24,,0,7066
2002,20-24,,1,80
2002,20-24,,2,17
2002,20-24,,3,4
2002,20-24,,4,77
2002,20-24,,5,59
2002,20-24,,9,104
2002,25-29,1,0,614909
2002,25-29,1,1,169178
2002,25-29,1,2,13096
2002,25-29,1,3,3928
2002,25-29,1,4,33154
2002,25-29,1,5,11844
2002,25-29,1,9,5033
2002,25-29,2,0,132824
2002,25-29,2,1,319
2002,25-29,2,2,512
2002,25-29,2,3,83
2002,25-29,2,4,1989
2002,25-29,2,5,265
2002,25-29,2,9,599
2002,25-29,3,0,9243
2002,25-29,3,1,356
2002,25-29,3,2,33
2002,25-29,3,3,5
2002,25-29,3,4,140
2002,25-29,3,5,139
2002,25-29,3,9,223
2002,25-29,4,0,45698
2002,25-29,4,1,230
2002,25-29,4,2,187
2002,25-29,4,3,7
2002,25-29,4,4,65
2002,25-29,4,5,393
2002,25-29,4,9,305
2002,25-29,,0,15295
2002,25-29,,1,63
2002,25-29,,2,13
2002,25-29,,3,2
2002,25-29,,4,81
2002,25-29,,5,61
2002,25-29,,9,119
2002,30-34,1,0,620173
2002,30-34,1,1,105589
2002,30-34,1,2,9003
2002,30-34,1,3,3793
2002,30-34,1,4,27407
2002,30-34,1,5,8504
2002,30-34,1,9,5066
2002,30-34,2,0,92155
2002,30-34,2,1,178
2002,30-34,2,2,293
2002,30-34,2,3,69
2002,30-34,2,4,1595
2002,30-34,2,5,175
2002,30-34,2,9,541
2002,30-34,3,0,5756
2002,30-34,3,1,235
2002,30-34,3,2,12
2002,30-34,3,3,7
2002,30-34,3,4,91
2002,30-34,3,5,93
2002,30-34,3,9,144
2002,30-34,4,0,54637
2002,30-34,4,1,134
2002,30-34,4,2,96
2002,30-34,4,3,10
2002,30-34,4,4,61
2002,30-34,4,5,363
2002,30-34,4,9,388
2002,30-34,,0,14356
2002,30-34,,1,41
2002,30-34,,2,11
2002,30-34,,3,2
2002,30-34,,4,68
2002,30-34,,5,57
2002,30-34,,9,116
2002,35-39,1,0,297436
2002,35-39,1,1,44925
2002,35-39,1,2,4174
2002,35-39,1,3,2228
2002,35-39,1,4,14329
2002,35-39,1,5,3991
2002,35-39,1,9,2750
2002,35-39,2,0,46831
2002,35-39,2,1,47
2002,35-39,2,2,159
2002,35-39,2,3,50
2002,35-39,2,4,929
2002,35-39,2,5,89
2002,35-39,2,9,283
2002,35-39,3,0,2697
2002,35-39,3,1,96
2002,35-39,3,2,13
2002,35-39,3,3,3
2002,35-39,3,4,53
2002,35-39,3,5,44
2002,35-39,3,9,70
2002,35-39,4,0,26737
2002,35-39,4,1,47
2002,35-39,4,2,37
2002,35-39,4,3,1
2002,35-39,4,4,28
2002,35-39,4,5,166
2002,35-39,4,9,180
2002,35-39,,0,5412
2002,35-39,,1,14
2002,35-39,,2,2
2002,35-39,,3,1
2002,35-39,,4,27
2002,35-39,,5,27
2002,35-39,,9,51
2002,40+,1,0,65481
2002,40+,1,1,9549
2002,40+,1,2,851
2002,40+,1,3,455
2002,40+,1,4,3416
2002,40+,1,5,855
2002,40+,1,9,771
2002,40+,2,0,11658
2002,40+,2,1,8
2002,40+,2,2,28
2002,40+,2,3,15
2002,40+,2,4,220
2002,40+,2,5,25
2002,40+,2,9,65
2002,40+,3,0,659
2002,40+,3,1,17
2002,40+,3,2,3
2002,40+,3,3,1
2002,40+,3,4,13
2002,40+,3,5,17
2002,40+,3,9,22
2002,40+,4,0,5854
2002,40+,4,1,16
2002,40+,4,2,7
2002,40+,4,3,3
2002,40+,4,4,8
2002,40+,4,5,45
2002,40+,4,9,72
2002,40+,,0,1102
2002,40+,,1,6
2002,40+,,4,10
2002,40+,,5,8
2002,40+,,9,15
2005,<20,1,0,166336
2005,<20,1,1,100582
2005,<20,1,2,9040
2005,<20,1,3,1080
2005,<20,1,4,10244
2005,<20,1,5,9703
2005,<20,1,9,1925
2005,<20,2,0,99510
2005,<20,2,1,1932
2005,<20,2,2,1669
2005,<20,2,3,135
2005,<20,2,4,2517
2005,<20,2,5,439
2005,<20,2,9,540
2005,<20,3,0,7076
2005,<20,3,1,534
2005,<20,3,2,62
2005,<20,3,3,13
2005,<20,3,4,33
2005,<20,3,5,140
2005,<20,3,9,85
2005,<20,4,0,6340
2005,<20,4,1,512
2005,<20,4,2,243
2005,<20,4,3,11
2005,<20,4,4,211
2005,<20,4,5,272
2005,<20,4,9,131
2005,20-24,1,0,515518
2005,20-24,1,1,203597
2005,20-24,1,2,16333
2005,20-24,1,3,2897
2005,20-24,1,4,29566
2005,20-24,1,5,17294
2005,20-24,1,9,5240
2005,20-24,2,0,188673
2005,20-24,2,1,3616
2005,20-24,2,2,2821
2005,20-24,2,3,276
2005,20-24,2,4,6515
2005,20-24,2,5,841
2005,20-24,2,9,974
2005,20-24,3,0,13821
2005,20-24,3,1,873
2005,20-24,3,2,100
2005,20-24,3,3,22
2005,20-24,3,4,101
2005,20-24,3,5,239
2005,20-24,3,9,177
2005,20-24,4,0,27685
2005,20-24,4,1,1070
2005,20-24,4,2,493
2005,20-24,4,3,22
2005,20-24,4,4,623
2005,20-24,4,5,597
2005,20-24,4,9,404
2005,25-29,1,0,642553
2005,25-29,1,1,183070
2005,25-29,1,2,13916
2005,25-29,1,3,3806
2005,25-29,1,4,35692
2005,25-29,1,5,14089
2005,25-29,1,9,6280
2005,25-29,2,0,142885
2005,25-29,2,1,2903
2005,25-29,2,2,1802
2005,25-29,2,3,226
2005,25-29,2,4,6855
2005,25-29,2,5,597
2005,25-29,2,9,893
2005,25-29,3,0,10140
2005,25-29,3,1,561
2005,25-29,3,2,65
2005,25-29,3,3,5
2005,25-29,3,4,108
2005,25-29,3,5,167
2005,25-29,3,9,143
2005,25-29,4,0,61523
2005,25-29,4,1,935
2005,25-29,4,2,437
2005,25-29,4,3,15
2005,25-29,4,4,762
2005,25-29,4,5,579
2005,25-29,4,9,589
2005,30-34,1,0,581645
2005,30-34,1,1,123607
2005,30-34,1,2,9045
2005,30-34,1,3,4377
2005,30-34,1,4,29468
2005,30-34,1,5,9509
2005,30-34,1,9,5736
2005,30-34,2,0,92336
2005,30-34,2,1,1556
2005,30-34,2,2,977
2005,30-34,2,3,223
2005,30-34,2,4,4813
2005,30-34,2,5,379
2005,30-34,2,9,651
2005,30-34,3,0,5982
2005,30-34,3,1,347
2005,30-34,3,2,38
2005,30-34,3,3,6
2005,30-34,3,4,68
2005,30-34,3,5,89
2005,30-34,3,9,89
2005,30-34,4,0,77175
2005,30-34,4,1,665
2005,30-34,4,2,181
2005,30-34,4,3,24
2005,30-34,4,4,520
2005,30-34,4,5,506
2005,30-34,4,9,679
2005,35-39,1,0,305142
2005,35-39,1,1,53988
2005,35-39,1,2,4464
2005,35-39,1,3,2210
2005,35-39,1,4,15607
2005,35-39,1,5,4545
2005,35-39,1,9,3333
2005,35-39,2,0,47411
2005,35-39,2,1,601
2005,35-39,2,2,387
2005,35-39,2,3,94
2005,35-39,2,4,2551
2005,35-39,2,5,218
2005,35-39,2,9,374
2005,35-39,3,0,2713
2005,35-39,3,1,125
2005,35-39,3,2,20
2005,35-39,3,3,2
2005,35-39,3,4,24
2005,35-39,3,5,45
2005,35-39,3,9,40
2005,35-39,4,0,38011
2005,35-39,4,1,241
2005,35-39,4,2,85
2005,35-39,4,3,14
2005,35-39,4,4,265
2005,35-39,4,5,253
2005,35-39,4,9,393
2005,40+,1,0,68574
2005,40+,1,1,11680
2005,40+,1,2,1057
2005,40+,1,3,573
2005,40+,1,4,3963
2005,40+,1,5,1081
2005,40+,1,9,929
2005,40+,2,0,12944
2005,40+,2,1,125
2005,40+,2,2,83
2005,40+,2,3,30
2005,40+,2,4,611
2005,40+,2,5,41
2005,40+,2,9,110
2005,40+,3,0,704
2005,40+,3,1,27
2005,40+,3,2,3
2005,40+,3,4,7
2005,40+,3,5,13
2005,40+,3,9,6
2005,40+,4,0,8308
2005,40+,4,1,50
2005,40+,4,2,19
2005,40+,4,3,3
2005,40+,4,4,77
2005,40+,4,5,67
2005,40+,4,9,118
2006,<20,1,0,170996
2006,<20,1,1,104975
2006,<20,1,2,9777
2006,<20,1,3,1212
2006,<20,1,4,11982
2006,<20,1,5,11203
2006,<20,1,9,1802
2006,<20,2,0,106187
2006,<20,2,1,1833
2006,<20,2,2,1778
2006,<20,2,3,121
2006,<20,2,4,2549
2006,<20,2,5,527
2006,<20,2,9,620
2006,<20,3,0,7319
2006,<20,3,1,693
2006,<20,3,2,82
2006,<20,3,3,9
2006,<20,3,4,43
2006,<20,3,5,129
2006,<20,3,9,110
2006,<20,4,0,6500
2006,<20,4,1,481
2006,<20,4,2,215
2006,<20,4,3,10
2006,<20,4,4,211
2006,<20,4,5,295
2006,<20,4,9,173
2006,20-24,1,0,528355
2006,20-24,1,1,210852
2006,20-24,1,2,17602
2006,20-24,1,3,3411
2006,20-24,1,4,33026
2006,20-24,1,5,20232
2006,20-24,1,9,4775
2006,20-24,2,0,198733
2006,20-24,2,1,3298
2006,20-24,2,2,2803
2006,20-24,2,3,251
2006,20-24,2,4,6593
2006,20-24,2,5,952
2006,20-24,2,9,1247
2006,20-24,3,0,14635
2006,20-24,3,1,1089
2006,20-24,3,2,145
2006,20-24,3,3,21
2006,20-24,3,4,117
2006,20-24,3,5,255
2006,20-24,3,9,185
2006,20-24,4,0,28514
2006,20-24,4,1,1132
2006,20-24,4,2,448
2006,20-24,4,3,20
2006,20-24,4,4,561
2006,20-24,4,5,646
2006,20-24,4,9,539
2006,25-29,1,0,665479
2006,25-29,1,1,188953
2006,25-29,1,2,14796
2006,25-29,1,3,3940
2006,25-29,1,4,40485
2006,25-29,1,5,16475
2006,25-29,1,9,5800
2006,25-29,2,0,153613
2006,25-29,2,1,2587
2006,25-29,2,2,1819
2006,25-29,2,3,182
2006,25-29,2,4,6884
2006,25-29,2,5,690
2006,25-29,2,9,1085
2006,25-29,3,0,10772
2006,25-29,3,1,805
2006,25-29,3,2,82
2006,25-29,3,3,5
2006,25-29,3,4,151
2006,25-29,3,5,198
2006,25-29,3,9,185
2006,25-29,4,0,63436
2006,25-29,4,1,966
2006,25-29,4,2,354
2006,25-29,4,3,24
2006,25-29,4,4,600
2006,25-29,4,5,619
2006,25-29,4,9,914
2006,30-34,1,0,566708
2006,30-34,1,1,127414
2006,30-34,1,2,9226
2006,30-34,1,3,4591
2006,30-34,1,4,32143
2006,30-34,1,5,11191
2006,30-34,1,9,5198
2006,30-34,2,0,95781
2006,30-34,2,1,1420
2006,30-34,2,2,926
2006,30-34,2,3,125
2006,30-34,2,4,4603
2006,30-34,2,5,449
2006,30-34,2,9,818
2006,30-34,3,0,6021
2006,30-34,3,1,430
2006,30-34,3,2,36
2006,30-34,3,3,8
2006,30-34,3,4,76
2006,30-34,3,5,110
2006,30-34,3,9,99
2006,30-34,4,0,79951
2006,30-34,4,1,637
2006,30-34,4,2,197
2006,30-34,4,3,21
2006,30-34,4,4,484
2006,30-34,4,5,507
2006,30-34,4,9,1088
2006,35-39,1,0,309033
2006,35-39,1,1,57229
2006,35-39,1,2,4841
2006,35-39,1,3,2285
2006,35-39,1,4,17242
2006,35-39,1,5,5288
2006,35-39,1,9,3199
2006,35-39,2,0,49927
2006,35-39,2,1,526
2006,35-39,2,2,415
2006,35-39,2,3,83
2006,35-39,2,4,2283
2006,35-39,2,5,210
2006,35-39,2,9,518
2006,35-39,3,0,2775
2006,35-39,3,1,176
2006,35-39,3,2,21
2006,35-39,3,3,5
2006,35-39,3,4,52
2006,35-39,3,5,57
2006,35-39,3,9,57
2006,35-39,4,0,40861
2006,35-39,4,1,269
2006,35-39,4,2,70
2006,35-39,4,3,12
2006,35-39,4,4,210
2006,35-39,4,5,294
2006,35-39,4,9,678
2006,40+,1,0,68069
2006,40+,1,1,12194
2006,40+,1,2,1195
2006,40+,1,3,570
2006,40+,1,4,4374
2006,40+,1,5,1272
2006,40+,1,9,918
2006,40+,2,0,13006
2006,40+,2,1,110
2006,40+,2,2,93
2006,40+,2,3,26
2006,40+,2,4,585
2006,40+,2,5,73
2006,40+,2,9,152
2006,40+,3,0,695
2006,40+,3,1,36
2006,40+,3,2,4
2006,40+,3,4,9
2006,40+,3,5,11
2006,40+,3,9,13
2006,40+,4,0,8716
2006,40+,4,1,41
2006,40+,4,2,7
2006,40+,4,3,4
2006,40+,4,4,58
2006,40+,4,5,59
2006,40+,4,9,223
2007,<20,1,0,174201
2007,<20,1,1,104534
2007,<20,1,2,9687
2007,<20,1,3,1216
2007,<20,1,4,13014
2007,<20,1,5,13408
2007,<20,1,9,2043
2007,<20,2,0,108453
2007,<20,2,1,1868
2007,<20,2,2,1798
2007,<20,2,3,151
2007,<20,2,4,2190
2007,<20,2,5,789
2007,<20,2,9,757
2007,<20,3,0,7820
2007,<20,3,1,802
2007,<20,3,2,82
2007,<20,3,3,11
2007,<20,3,4,42
2007,<20,3,5,186
2007,<20,3,9,134
2007,<20,4,0,6555
2007,<20,4,1,545
2007,<20,4,2,219
2007,<20,4,3,9
2007,<20,4,4,122
2007,<20,4,5,301
2007,<20,4,9,157
2007,20-24,1,0,526482
2007,20-24,1,1,206856
2007,20-24,1,2,17812
2007,20-24,1,3,3535
2007,20-24,1,4,35472
2007,20-24,1,5,23406
2007,20-24,1,9,4940
2007,20-24,2,0,200188
2007,20-24,2,1,3441
2007,20-24,2,2,3081
2007,20-24,2,3,304
2007,20-24,2,4,5317
2007,20-24,2,5,1391
2007,20-24,2,9,1330
2007,20-24,3,0,14584
2007,20-24,3,1,1335
2007,20-24,3,2,136
2007,20-24,3,3,9
2007,20-24,3,4,160
2007,20-24,3,5,367
2007,20-24,3,9,240
2007,20-24,4,0,28832
2007,20-24,4,1,1137
2007,20-24,4,2,438
2007,20-24,4,3,18
2007,20-24,4,4,366
2007,20-24,4,5,681
2007,20-24,4,9,496
2007,25-29,1,0,675899
2007,25-29,1,1,190429
2007,25-29,1,2,14952
2007,25-29,1,3,3918
2007,25-29,1,4,42917
2007,25-29,1,5,20028
2007,25-29,1,9,6025
2007,25-29,2,0,157302
2007,25-29,2,1,2577
2007,25-29,2,2,2098
2007,25-29,2,3,178
2007,25-29,2,4,5715
2007,25-29,2,5,1175
2007,25-29,2,9,1225
2007,25-29,3,0,10866
2007,25-29,3,1,894
2007,25-29,3,2,92
2007,25-29,3,3,10
2007,25-29,3,4,127
2007,25-29,3,5,266
2007,25-29,3,9,170
2007,25-29,4,0,68163
2007,25-29,4,1,1026
2007,25-29,4,2,345
2007,25-29,4,3,18
2007,25-29,4,4,417
2007,25-29,4,5,760
2007,25-29,4,9,816
2007,30-34,1,0,565491
2007,30-34,1,1,130288
2007,30-34,1,2,9773
2007,30-34,1,3,4334
2007,30-34,1,4,34389
2007,30-34,1,5,12798
2007,30-34,1,9,5166
2007,30-34,2,0,97290
2007,30-34,2,1,1506
2007,30-34,2,2,1092
2007,30-34,2,3,148
2007,30-34,2,4,3864
2007,30-34,2,5,707
2007,30-34,2,9,859
2007,30-34,3,0,6141
2007,30-34,3,1,514
2007,30-34,3,2,47
2007,30-34,3,3,5
2007,30-34,3,4,108
2007,30-34,3,5,146
2007,30-34,3,9,118
2007,30-34,4,0,84482
2007,30-34,4,1,610
2007,30-34,4,2,192
2007,30-34,4,3,17
2007,30-34,4,4,343
2007,30-34,4,5,549
2007,30-34,4,9,954
2007,35-39,1,0,301530
2007,35-39,1,1,59632
2007,35-39,1,2,4864
2007,35-39,1,3,2452
2007,35-39,1,4,18003
2007,35-39,1,5,6132
2007,35-39,1,9,3045
2007,35-39,2,0,50671
2007,35-39,2,1,550
2007,35-39,2,2,446
2007,35-39,2,3,90
2007,35-39,2,4,1964
2007,35-39,2,5,346
2007,35-39,2,9,500
2007,35-39,3,0,2824
2007,35-39,3,1,261
2007,35-39,3,2,21
2007,35-39,3,3,1
2007,35-39,3,4,45
2007,35-39,3,5,70
2007,35-39,3,9,57
2007,35-39,4,0,44901
2007,35-39,4,1,279
2007,35-39,4,2,85
2007,35-39,4,3,9
2007,35-39,4,4,174
2007,35-39,4,5,334
2007,35-39,4,9,628
2007,40+,1,0,66730
2007,40+,1,1,12730
2007,40+,1,2,1120
2007,40+,1,3,516
2007,40+,1,4,4534
2007,40+,1,5,1392
2007,40+,1,9,933
2007,40+,2,0,13287
2007,40+,2,1,124
2007,40+,2,2,84
2007,40+,2,3,27
2007,40+,2,4,528
2007,40+,2,5,82
2007,40+,2,9,183
2007,40+,3,0,655
2007,40+,3,1,52
2007,40+,3,2,4
2007,40+,3,3,1
2007,40+,3,4,7
2007,40+,3,5,18
2007,40+,3,9,15
2007,40+,4,0,9113
2007,40+,4,1,65
2007,40+,4,2,20
2007,40+,4,3,4
2007,40+,4,4,33
2007,40+,4,5,72
2007,40+,4,9,203
2008,<20,1,0,169788
2008,<20,1,1,97767
2008,<20,1,2,9694
2008,<20,1,3,1148
2008,<20,1,4,11723
2008,<20,1,5,17923
2008,<20,1,9,1671
2008,<20,2,0,106690
2008,<20,2,1,2096
2008,<20,2,2,1907
2008,<20,2,3,139
2008,<20,2,4,1197
2008,<20,2,5,1239
2008,<20,2,9,981
2008,<20,3,0,7582
2008,<20,3,1,790
2008,<20,3,2,90
2008,<20,3,3,9
2008,<20,3,4,64
2008,<20,3,5,238
2008,<20,3,9,168
2008,<20,4,0,6218
2008,<20,4,1,511
2008,<20,4,2,243
2008,<20,4,3,11
2008,<20,4,4,131
2008,<20,4,5,320
2008,<20,4,9,184
2008,20-24,1,0,511758
2008,20-24,1,1,190739
2008,20-24,1,2,17800
2008,20-24,1,3,3638
2008,20-24,1,4,33132
2008,20-24,1,5,30626
2008,20-24,1,9,4159
2008,20-24,2,0,198116
2008,20-24,2,1,3659
2008,20-24,2,2,3097
2008,20-24,2,3,273
2008,20-24,2,4,3023
2008,20-24,2,5,2435
2008,20-24,2,9,1890
2008,20-24,3,0,14460
2008,20-24,3,1,1336
2008,20-24,3,2,135
2008,20-24,3,3,14
2008,20-24,3,4,170
2008,20-24,3,5,409
2008,20-24,3,9,277
2008,20-24,4,0,27937
2008,20-24,4,1,1029
2008,20-24,4,2,470
2008,20-24,4,3,38
2008,20-24,4,4,328
2008,20-24,4,5,703
2008,20-24,4,9,533
2008,25-29,1,0,670814
2008,25-29,1,1,179895
2008,25-29,1,2,14960
2008,25-29,1,3,3871
2008,25-29,1,4,41290
2008,25-29,1,5,26427
2008,25-29,1,9,5580
2008,25-29,2,0,156472
2008,25-29,2,1,3031
2008,25-29,2,2,2165
2008,25-29,2,3,208
2008,25-29,2,4,3275
2008,25-29,2,5,2127
2008,25-29,2,9,1790
2008,25-29,3,0,10905
2008,25-29,3,1,956
2008,25-29,3,2,110
2008,25-29,3,3,8
2008,25-29,3,4,160
2008,25-29,3,5,300
2008,25-29,3,9,210
2008,25-29,4,0,67785
2008,25-29,4,1,949
2008,25-29,4,2,372
2008,25-29,4,3,27
2008,25-29,4,4,405
2008,25-29,4,5,783
2008,25-29,4,9,899
2008,30-34,1,0,562032
2008,30-34,1,1,125063
2008,30-34,1,2,9945
2008,30-34,1,3,4012
2008,30-34,1,4,33897
2008,30-34,1,5,17483
2008,30-34,1,9,5383
2008,30-34,2,0,98062
2008,30-34,2,1,1886
2008,30-34,2,2,1088
2008,30-34,2,3,162
2008,30-34,2,4,2243
2008,30-34,2,5,1447
2008,30-34,2,9,1309
2008,30-34,3,0,6126
2008,30-34,3,1,566
2008,30-34,3,2,56
2008,30-34,3,3,3
2008,30-34,3,4,128
2008,30-34,3,5,160
2008,30-34,3,9,127
2008,30-34,4,0,82700
2008,30-34,4,1,648
2008,30-34,4,2,228
2008,30-34,4,3,24
2008,30-34,4,4,329
2008,30-34,4,5,616
2008,30-34,4,9,993
2008,35-39,1,0,287453
2008,35-39,1,1,59123
2008,35-39,1,2,4837
2008,35-39,1,3,2446
2008,35-39,1,4,17877
2008,35-39,1,5,8329
2008,35-39,1,9,3421
2008,35-39,2,0,50506
2008,35-39,2,1,799
2008,35-39,2,2,470
2008,35-39,2,3,107
2008,35-39,2,4,1149
2008,35-39,2,5,742
2008,35-39,2,9,790
2008,35-39,3,0,2737
2008,35-39,3,1,252
2008,35-39,3,2,24
2008,35-39,3,3,2
2008,35-39,3,4,50
2008,35-39,3,5,76
2008,35-39,3,9,69
2008,35-39,4,0,45945
2008,35-39,4,1,301
2008,35-39,4,2,107
2008,35-39,4,3,11
2008,35-39,4,4,176
2008,35-39,4,5,357
2008,35-39,4,9,719
2008,40+,1,0,65972
2008,40+,1,1,13232
2008,40+,1,2,1087
2008,40+,1,3,536
2008,40+,1,4,4492
2008,40+,1,5,1976
2008,40+,1,9,1164
2008,40+,2,0,13183
2008,40+,2,1,146
2008,40+,2,2,111
2008,40+,2,3,27
2008,40+,2,4,281
2008,40+,2,5,217
2008,40+,2,9,274
2008,40+,3,0,656
2008,40+,3,1,47
2008,40+,3,2,3
2008,40+,3,3,2
2008,40+,3,4,19
2008,40+,3,5,24
2008,40+,3,9,19
2008,40+,4,0,9732
2008,40+,4,1,62
2008,40+,4,2,16
2008,40+,4,3,2
2008,40+,4,4,39
2008,40+,4,5,88
2008,40+,4,9,216
2009,<20,1,0,160632
2009,<20,1,1,90089
2009,<20,1,2,9164
2009,<20,1,3,1024
2009,<20,1,4,10305
2009,<20,1,5,18953
2009,<20,1,9,1564
2009,<20,2,0,100153
2009,<20,2,1,2077
2009,<20,2,2,1809
2009,<20,2,3,123
2009,<20,2,4,1165
2009,<20,2,5,1286
2009,<20,2,9,935
2009,<20,3,0,7152
2009,<20,3,1,760
2009,<20,3,2,94
2009,<20,3,3,4
2009,<20,3,4,62
2009,<20,3,5,239
2009,<20,3,9,112
2009,<20,4,0,5733
2009,<20,4,1,491
2009,<20,4,2,236
2009,<20,4,3,6
2009,<20,4,4,131
2009,<20,4,5,318
2009,<20,4,9,214
2009,20-24,1,0,490773
2009,20-24,1,1,173821
2009,20-24,1,2,17517
2009,20-24,1,3,3617
2009,20-24,1,4,30335
2009,20-24,1,5,31586
2009,20-24,1,9,3781
2009,20-24,2,0,194122
2009,20-24,2,1,3849
2009,20-24,2,2,3178
2009,20-24,2,3,289
2009,20-24,2,4,3116
2009,20-24,2,5,2735
2009,20-24,2,9,1596
2009,20-24,3,0,13932
2009,20-24,3,1,1294
2009,20-24,3,2,151
2009,20-24,3,3,18
2009,20-24,3,4,145
2009,20-24,3,5,458
2009,20-24,3,9,233
2009,20-24,4,0,26226
2009,20-24,4,1,974
2009,20-24,4,2,474
2009,20-24,4,3,36
2009,20-24,4,4,354
2009,20-24,4,5,779
2009,20-24,4,9,593
2009,25-29,1,0,657658
2009,25-29,1,1,169665
2009,25-29,1,2,14830
2009,25-29,1,3,4010
2009,25-29,1,4,39013
2009,25-29,1,5,27637
2009,25-29,1,9,5064
2009,25-29,2,0,153210
2009,25-29,2,1,3174
2009,25-29,2,2,2139
2009,25-29,2,3,248
2009,25-29,2,4,3117
2009,25-29,2,5,2421
2009,25-29,2,9,1428
2009,25-29,3,0,10751
2009,25-29,3,1,1012
2009,25-29,3,2,101
2009,25-29,3,3,10
2009,25-29,3,4,169
2009,25-29,3,5,357
2009,25-29,3,9,234
2009,25-29,4,0,66811
2009,25-29,4,1,965
2009,25-29,4,2,387
2009,25-29,4,3,24
2009,25-29,4,4,489
2009,25-29,4,5,873
2009,25-29,4,9,990
2009,30-34,1,0,565026
2009,30-34,1,1,120229
2009,30-34,1,2,10164
2009,30-34,1,3,3881
2009,30-34,1,4,33434
2009,30-34,1,5,17926
2009,30-34,1,9,4736
2009,30-34,2,0,98909
2009,30-34,2,1,1895
2009,30-34,2,2,1152
2009,30-34,2,3,169
2009,30-34,2,4,2316
2009,30-34,2,5,1659
2009,30-34,2,9,1032
2009,30-34,3,0,6288
2009,30-34,3,1,577
2009,30-34,3,2,57
2009,30-34,3,3,7
2009,30-34,3,4,133
2009,30-34,3,5,201
2009,30-34,3,9,138
2009,30-34,4,0,82343
2009,30-34,4,1,640
2009,30-34,4,2,238
2009,30-34,4,3,22
2009,30-34,4,4,386
2009,30-34,4,5,643
2009,30-34,4,9,1045
2009,35-39,1,0,273174
2009,35-39,1,1,58955
2009,35-39,1,2,4858
2009,35-39,1,3,2440
2009,35-39,1,4,17510
2009,35-39,1,5,8747
2009,35-39,1,9,3069
2009,35-39,2,0,50003
2009,35-39,2,1,863
2009,35-39,2,2,464
2009,35-39,2,3,89
2009,35-39,2,4,1105
2009,35-39,2,5,866
2009,35-39,2,9,646
2009,35-39,3,0,2767
2009,35-39,3,1,248
2009,35-39,3,2,15
2009,35-39,3,3,2
2009,35-39,3,4,52
2009,35-39,3,5,76
2009,35-39,3,9,54
2009,35-39,4,0,46453
2009,35-39,4,1,294
2009,35-39,4,2,103
2009,35-39,4,3,5
2009,35-39,4,4,225
2009,35-39,4,5,344
2009,35-39,4,9,676
2009,40+,1,0,65289
2009,40+,1,1,13126
2009,40+,1,2,1221
2009,40+,1,3,589
2009,40+,1,4,4700
2009,40+,1,5,2018
2009,40+,1,9,1163
2009,40+,2,0,13187
2009,40+,2,1,174
2009,40+,2,2,109
2009,40+,2,3,22
2009,40+,2,4,322
2009,40+,2,5,236
2009,40+,2,9,230
2009,40+,3,0,641
2009,40+,3,1,67
2009,40+,3,2,6
2009,40+,3,3,1
2009,40+,3,4,11
2009,40+,3,5,19
2009,40+,3,9,17
2009,40+,4,0,10097
2009,40+,4,1,58
2009,40+,4,2,19
2009,40+,4,3,5
2009,40+,4,4,52
2009,40+,4,5,100
2009,40+,4,9,237
2010,<20,1,0,145070
2010,<20,1,1,79448
2010,<20,1,2,8115
2010,<20,1,3,894
2010,<20,1,4,9029
2010,<20,1,5,18001
2010,<20,1,9,1193
2010,<20,2,0,89902
2010,<20,2,1,1891
2010,<20,2,2,1757
2010,<20,2,3,142
2010,<20,2,4,1007
2010,<20,2,5,1122
2010,<20,2,9,785
2010,<20,3,0,6229
2010,<20,3,1,738
2010,<20,3,2,80
2010,<20,3,3,7
2010,<20,3,4,71
2010,<20,3,5,263
2010,<20,3,9,120
2010,<20,4,0,5084
2010,<20,4,1,430
2010,<20,4,2,218
2010,<20,4,3,4
2010,<20,4,4,117
2010,<20,4,5,275
2010,<20,4,9,183
2010,20-24,1,0,464849
2010,20-24,1,1,157763
2010,20-24,1,2,17071
2010,20-24,1,3,3529
2010,20-24,1,4,27460
2010,20-24,1,5,32181
2010,20-24,1,9,3277
2010,20-24,2,0,187981
2010,20-24,2,1,3473
2010,20-24,2,2,3242
2010,20-24,2,3,307
2010,20-24,2,4,2872
2010,20-24,2,5,2591
2010,20-24,2,9,1616
2010,20-24,3,0,13700
2010,20-24,3,1,1164
2010,20-24,3,2,111
2010,20-24,3,3,19
2010,20-24,3,4,137
2010,20-24,3,5,418
2010,20-24,3,9,194
2010,20-24,4,0,24851
2010,20-24,4,1,948
2010,20-24,4,2,440
2010,20-24,4,3,18
2010,20-24,4,4,350
2010,20-24,4,5,629
2010,20-24,4,9,497
2010,25-29,1,0,648610
2010,25-29,1,1,156872
2010,25-29,1,2,14086
2010,25-29,1,3,4403
2010,25-29,1,4,36529
2010,25-29,1,5,28054
2010,25-29,1,9,4549
2010,25-29,2,0,147684
2010,25-29,2,1,2880
2010,25-29,2,2,2229
2010,25-29,2,3,245
2010,25-29,2,4,3287
2010,25-29,2,5,2242
2010,25-29,2,9,1440
2010,25-29,3,0,10451
2010,25-29,3,1,996
2010,25-29,3,2,104
2010,25-29,3,3,17
2010,25-29,3,4,155
2010,25-29,3,5,341
2010,25-29,3,9,161
2010,25-29,4,0,64960
2010,25-29,4,1,945
2010,25-29,4,2,357
2010,25-29,4,3,24
2010,25-29,4,4,462
2010,25-29,4,5,754
2010,25-29,4,9,876
2010,30-34,1,0,574627
2010,30-34,1,1,114483
2010,30-34,1,2,10284
2010,30-34,1,3,3870
2010,30-34,1,4,33584
2010,30-34,1,5,18949
2010,30-34,1,9,4633
2010,30-34,2,0,100765
2010,30-34,2,1,1938
2010,30-34,2,2,1126
2010,30-34,2,3,146
2010,30-34,2,4,2387
2010,30-34,2,5,1659
2010,30-34,2,9,1115
2010,30-34,3,0,6217
2010,30-34,3,1,549
2010,30-34,3,2,56
2010,30-34,3,3,11
2010,30-34,3,4,129
2010,30-34,3,5,235
2010,30-34,3,9,114
2010,30-34,4,0,82442
2010,30-34,4,1,637
2010,30-34,4,2,254
2010,30-34,4,3,28
2010,30-34,4,4,391
2010,30-34,4,5,618
2010,30-34,4,9,923
2010,35-39,1,0,264126
2010,35-39,1,1,58159
2010,35-39,1,2,4900
2010,35-39,1,3,2495
2010,35-39,1,4,18307
2010,35-39,1,5,8867
2010,35-39,1,9,2908
2010,35-39,2,0,49742
2010,35-39,2,1,844
2010,35-39,2,2,459
2010,35-39,2,3,123
2010,35-39,2,4,1192
2010,35-39,2,5,812
2010,35-39,2,9,635
2010,35-39,3,0,2695
2010,35-39,3,1,280
2010,35-39,3,2,26
2010,35-39,3,3,1
2010,35-39,3,4,64
2010,35-39,3,5,90
2010,35-39,3,9,56
2010,35-39,4,0,46498
2010,35-39,4,1,314
2010,35-39,4,2,92
2010,35-39,4,3,13
2010,35-39,4,4,204
2010,35-39,4,5,312
2010,35-39,4,9,656
2010,40+,1,0,65124
2010,40+,1,1,13282
2010,40+,1,2,1235
2010,40+,1,3,560
2010,40+,1,4,4575
2010,40+,1,5,2196
2010,40+,1,9,1168
2010,40+,2,0,13734
2010,40+,2,1,166
2010,40+,2,2,102
2010,40+,2,3,22
2010,40+,2,4,308
2010,40+,2,5,214
2010,40+,2,9,241
2010,40+,3,0,636
2010,40+,3,1,54
2010,40+,3,2,3
2010,40+,3,4,21
2010,40+,3,5,25
2010,40+,3,9,22
2010,40+,4,0,10637
2010,40+,4,1,63
2010,40+,4,2,21
2010,40+,4,3,4
2010,40+,4,4,54
2010,40+,4,5,73
2010,40+,4,9,230
2011,<20,1,0,130198
2011,<20,1,1,69742
2011,<20,1,2,7304
2011,<20,1,3,829
2011,<20,1,4,7889
2011,<20,1,5,17415
2011,<20,1,9,1084
2011,<20,2,0,79936
2011,<20,2,1,1879
2011,<20,2,2,1845
2011,<20,2,3,122
2011,<20,2,4,831
2011,<20,2,5,1288
2011,<20,2,9,714
2011,<20,3,0,5795
2011,<20,3,1,609
2011,<20,3,2,81
2011,<20,3,3,5
2011,<20,3,4,58
2011,<20,3,5,284
2011,<20,3,9,65
2011,<20,4,0,4561
2011,<20,4,1,461
2011,<20,4,2,171
2011,<20,4,3,5
2011,<20,4,4,135
2011,<20,4,5,283
2011,<20,4,9,157
2011,20-24,1,0,451939
2011,20-24,1,1,146266
2011,20-24,1,2,16633
2011,20-24,1,3,3493
2011,20-24,1,4,24732
2011,20-24,1,5,34187
2011,20-24,1,9,3275
2011,20-24,2,0,186229
2011,20-24,2,1,3846
2011,20-24,2,2,3863
2011,20-24,2,3,310
2011,20-24,2,4,2455
2011,20-24,2,5,3230
2011,20-24,2,9,1390
2011,20-24,3,0,13380
2011,20-24,3,1,1205
2011,20-24,3,2,157
2011,20-24,3,3,7
2011,20-24,3,4,189
2011,20-24,3,5,495
2011,20-24,3,9,136
2011,20-24,4,0,24654
2011,20-24,4,1,1058
2011,20-24,4,2,463
2011,20-24,4,3,27
2011,20-24,4,4,401
2011,20-24,4,5,707
2011,20-24,4,9,473
2011,25-29,1,0,647520
2011,25-29,1,1,148071
2011,25-29,1,2,14012
2011,25-29,1,3,4676
2011,25-29,1,4,34588
2011,25-29,1,5,30234
2011,25-29,1,9,4444
2011,25-29,2,0,147708
2011,25-29,2,1,3278
2011,25-29,2,2,2686
2011,25-29,2,3,308
2011,25-29,2,4,2849
2011,25-29,2,5,2940
2011,25-29,2,9,1331
2011,25-29,3,0,10550
2011,25-29,3,1,976
2011,25-29,3,2,128
2011,25-29,3,3,14
2011,25-29,3,4,254
2011,25-29,3,5,427
2011,25-29,3,9,128
2011,25-29,4,0,66755
2011,25-29,4,1,1035
2011,25-29,4,2,418
2011,25-29,4,3,24
2011,25-29,4,4,558
2011,25-29,4,5,793
2011,25-29,4,9,878
2011,30-34,1,0,591266
2011,30-34,1,1,111470
2011,30-34,1,2,10179
2011,30-34,1,3,3898
2011,30-34,1,4,33522
2011,30-34,1,5,21421
2011,30-34,1,9,4950
2011,30-34,2,0,104274
2011,30-34,2,1,2243
2011,30-34,2,2,1624
2011,30-34,2,3,135
2011,30-34,2,4,2357
2011,30-34,2,5,2222
2011,30-34,2,9,1081
2011,30-34,3,0,6107
2011,30-34,3,1,636
2011,30-34,3,2,76
2011,30-34,3,3,4
2011,30-34,3,4,209
2011,30-34,3,5,254
2011,30-34,3,9,94
2011,30-34,4,0,85283
2011,30-34,4,1,808
2011,30-34,4,2,251
2011,30-34,4,3,31
2011,30-34,4,4,522
2011,30-34,4,5,655
2011,30-34,4,9,1110
2011,35-39,1,0,260596
2011,35-39,1,1,57412
2011,35-39,1,2,4935
2011,35-39,1,3,2451
2011,35-39,1,4,17999
2011,35-39,1,5,9978
2011,35-39,1,9,2956
2011,35-39,2,0,50245
2011,35-39,2,1,1018
2011,35-39,2,2,653
2011,35-39,2,3,101
2011,35-39,2,4,1134
2011,35-39,2,5,1009
2011,35-39,2,9,596
2011,35-39,3,0,2731
2011,35-39,3,1,282
2011,35-39,3,2,37
2011,35-39,3,4,100
2011,35-39,3,5,109
2011,35-39,3,9,33
2011,35-39,4,0,47647
2011,35-39,4,1,364
2011,35-39,4,2,118
2011,35-39,4,3,20
2011,35-39,4,4,254
2011,35-39,4,5,366
2011,35-39,4,9,705
2011,40+,1,0,65047
2011,40+,1,1,13636
2011,40+,1,2,1180
2011,40+,1,3,632
2011,40+,1,4,4786
2011,40+,1,5,2369
2011,40+,1,9,1141
2011,40+,2,0,13953
2011,40+,2,1,232
2011,40+,2,2,166
2011,40+,2,3,31
2011,40+,2,4,307
2011,40+,2,5,255
2011,40+,2,9,227
2011,40+,3,0,624
2011,40+,3,1,82
2011,40+,3,2,9
2011,40+,3,3,2
2011,40+,3,4,28
2011,40+,3,5,38
2011,40+,3,9,21
2011,40+,4,0,11202
2011,40+,4,1,90
2011,40+,4,2,29
2011,40+,4,3,6
2011,40+,4,4,64
2011,40+,4,5,101
2011,40+,4,9,272
2012,<20,1,0,120623
2012,<20,1,1,64800
2012,<20,1,2,6886
2012,<20,1,3,774
2012,<20,1,4,7131
2012,<20,1,5,16782
2012,<20,1,9,1095
2012,<20,2,0,72549
2012,<20,2,1,1794
2012,<20,2,2,1755
2012,<20,2,3,126
2012,<20,2,4,746
2012,<20,2,5,1319
2012,<20,2,9,524
2012,<20,3,0,5506
2012,<20,3,1,605
2012,<20,3,2,77
2012,<20,3,3,6
2012,<20,3,4,61
2012,<20,3,5,254
2012,<20,3,9,56
2012,<20,4,0,4403
2012,<20,4,1,417
2012,<20,4,2,202
2012,<20,4,3,8
2012,<20,4,4,105
2012,<20,4,5,270
2012,<20,4,9,186
2012,20-24,1,0,444300
2012,20-24,1,1,143517
2012,20-24,1,2,16623
2012,20-24,1,3,3534
2012,20-24,1,4,22946
2012,20-24,1,5,36056
2012,20-24,1,9,3617
2012,20-24,2,0,187488
2012,20-24,2,1,3725
2012,20-24,2,2,3897
2012,20-24,2,3,336
2012,20-24,2,4,2410
2012,20-24,2,5,3384
2012,20-24,2,9,1287
2012,20-24,3,0,12987
2012,20-24,3,1,1141
2012,20-24,3,2,167
2012,20-24,3,3,12
2012,20-24,3,4,187
2012,20-24,3,5,536
2012,20-24,3,9,134
2012,20-24,4,0,25270
2012,20-24,4,1,1018
2012,20-24,4,2,514
2012,20-24,4,3,33
2012,20-24,4,4,386
2012,20-24,4,5,716
2012,20-24,4,9,590
2012,25-29,1,0,641377
2012,25-29,1,1,144893
2012,25-29,1,2,14136
2012,25-29,1,3,4829
2012,25-29,1,4,33063
2012,25-29,1,5,30804
2012,25-29,1,9,5243
2012,25-29,2,0,149649
2012,25-29,2,1,3291
2012,25-29,2,2,2615
2012,25-29,2,3,289
2012,25-29,2,4,2860
2012,25-29,2,5,3143
2012,25-29,2,9,1203
2012,25-29,3,0,10403
2012,25-29,3,1,945
2012,25-29,3,2,114
2012,25-29,3,3,21
2012,25-29,3,4,254
2012,25-29,3,5,439
2012,25-29,3,9,118
2012,25-29,4,0,70351
2012,25-29,4,1,1030
2012,25-29,4,2,380
2012,25-29,4,3,31
2012,25-29,4,4,567
2012,25-29,4,5,770
2012,25-29,4,9,1082
2012,30-34,1,0,603041
2012,30-34,1,1,110863
2012,30-34,1,2,10488
2012,30-34,1,3,3954
2012,30-34,1,4,32969
2012,30-34,1,5,22564
2012,30-34,1,9,6046
2012,30-34,2,0,107863
2012,30-34,2,1,2185
2012,30-34,2,2,1658
2012,30-34,2,3,202
2012,30-34,2,4,2337
2012,30-34,2,5,2328
2012,30-34,2,9,1098
2012,30-34,3,0,6585
2012,30-34,3,1,643
2012,30-34,3,2,79
2012,30-34,3,3,11
2012,30-34,3,4,192
2012,30-34,3,5,274
2012,30-34,3,9,87
2012,30-34,4,0,94050
2012,30-34,4,1,832
2012,30-34,4,2,290
2012,30-34,4,3,26
2012,30-34,4,4,508
2012,30-34,4,5,739
2012,30-34,4,9,1504
2012,35-39,1,0,261885
2012,35-39,1,1,57673
2012,35-39,1,2,4910
2012,35-39,1,3,2417
2012,35-39,1,4,18347
2012,35-39,1,5,10476
2012,35-39,1,9,3476
2012,35-39,2,0,51536
2012,35-39,2,1,1086
2012,35-39,2,2,715
2012,35-39,2,3,117
2012,35-39,2,4,1222
2012,35-39,2,5,1167
2012,35-39,2,9,538
2012,35-39,3,0,2795
2012,35-39,3,1,286
2012,35-39,3,2,25
2012,35-39,3,3,2
2012,35-39,3,4,91
2012,35-39,3,5,113
2012,35-39,3,9,44
2012,35-39,4,0,51269
2012,35-39,4,1,427
2012,35-39,4,2,146
2012,35-39,4,3,17
2012,35-39,4,4,265
2012,35-39,4,5,357
2012,35-39,4,9,916
2012,40+,1,0,62818
2012,40+,1,1,14240
2012,40+,1,2,1312
2012,40+,1,3,617
2012,40+,1,4,4764
2012,40+,1,5,2548
2012,40+,1,9,1383
2012,40+,2,0,14404
2012,40+,2,1,233
2012,40+,2,2,165
2012,40+,2,3,30
2012,40+,2,4,315
2012,40+,2,5,294
2012,40+,2,9,243
2012,40+,3,0,683
2012,40+,3,1,68
2012,40+,3,2,6
2012,40+,3,3,1
2012,40+,3,4,22
2012,40+,3,5,38
2012,40+,3,9,25
2012,40+,4,0,12479
2012,40+,4,1,111
2012,40+,4,2,22
2012,40+,4,3,3
2012,40+,4,4,46
2012,40+,4,5,111
2012,40+,4,9,355
2013,<20,1,0,108603
2013,<20,1,1,57837
2013,<20,1,2,6254
2013,<20,1,3,733
2013,<20,1,4,6763
2013,<20,1,5,15594
2013,<20,1,9,841
2013,<20,2,0,63109
2013,<20,2,1,1631
2013,<20,2,2,1604
2013,<20,2,3,118
2013,<20,2,4,709
2013,<20,2,5,1044
2013,<20,2,9,434
2013,<20,3,0,4748
2013,<20,3,1,614
2013,<20,3,2,68
2013,<20,3,3,11
2013,<20,3,4,61
2013,<20,3,5,237
2013,<20,3,9,49
2013,<20,4,0,4124
2013,<20,4,1,384
2013,<20,4,2,154
2013,<20,4,3,6
2013,<20,4,4,128
2013,<20,4,5,224
2013,<20,4,9,121
2013,20-24,1,0,431540
2013,20-24,1,1,140205
2013,20-24,1,2,16588
2013,20-24,1,3,3783
2013,20-24,1,4,21858
2013,20-24,1,5,36630
2013,20-24,1,9,3215
2013,20-24,2,0,185662
2013,20-24,2,1,4021
2013,20-24,2,2,3988
2013,20-24,2,3,330
2013,20-24,2,4,2396
2013,20-24,2,5,3123
2013,20-24,2,9,1186
2013,20-24,3,0,12641
2013,20-24,3,1,1268
2013,20-24,3,2,193
2013,20-24,3,3,21
2013,20-24,3,4,158
2013,20-24,3,5,562
2013,20-24,3,9,127
2013,20-24,4,0,24262
2013,20-24,4,1,997
2013,20-24,4,2,520
2013,20-24,4,3,28
2013,20-24,4,4,326
2013,20-24,4,5,710
2013,20-24,4,9,407
2013,25-29,1,0,637710
2013,25-29,1,1,142184
2013,25-29,1,2,14780
2013,25-29,1,3,5520
2013,25-29,1,4,32508
2013,25-29,1,5,32277
2013,25-29,1,9,4718
2013,25-29,2,0,153903
2013,25-29,2,1,3527
2013,25-29,2,2,2756
2013,25-29,2,3,316
2013,25-29,2,4,2920
2013,25-29,2,5,2881
2013,25-29,2,9,1218
2013,25-29,3,0,10661
2013,25-29,3,1,1066
2013,25-29,3,2,126
2013,25-29,3,3,13
2013,25-29,3,4,219
2013,25-29,3,5,455
2013,25-29,3,9,133
2013,25-29,4,0,67365
2013,25-29,4,1,1006
2013,25-29,4,2,410
2013,25-29,4,3,43
2013,25-29,4,4,481
2013,25-29,4,5,755
2013,25-29,4,9,826
2013,30-34,1,0,620788
2013,30-34,1,1,111254
2013,30-34,1,2,10985
2013,30-34,1,3,4334
2013,30-34,1,4,33055
2013,30-34,1,5,23865
2013,30-34,1,9,5626
2013,30-34,2,0,112650
2013,30-34,2,1,2506
2013,30-34,2,2,1774
2013,30-34,2,3,208
2013,30-34,2,4,2593
2013,30-34,2,5,2231
2013,30-34,2,9,1051
2013,30-34,3,0,6811
2013,30-34,3,1,689
2013,30-34,3,2,76
2013,30-34,3,3,11
2013,30-34,3,4,194
2013,30-34,3,5,273
2013,30-34,3,9,88
2013,30-34,4,0,92464
2013,30-34,4,1,830
2013,30-34,4,2,284
2013,30-34,4,3,31
2013,30-34,4,4,495
2013,30-34,4,5,729
2013,30-34,4,9,1032
2013,35-39,1,0,269221
2013,35-39,1,1,58088
2013,35-39,1,2,5324
2013,35-39,1,3,2506
2013,35-39,1,4,19274
2013,35-39,1,5,11115
2013,35-39,1,9,3235
2013,35-39,2,0,53546
2013,35-39,2,1,1205
2013,35-39,2,2,762
2013,35-39,2,3,138
2013,35-39,2,4,1310
2013,35-39,2,5,1092
2013,35-39,2,9,594
2013,35-39,3,0,2960
2013,35-39,3,1,325
2013,35-39,3,2,34
2013,35-39,3,3,6
2013,35-39,3,4,95
2013,35-39,3,5,122
2013,35-39,3,9,49
2013,35-39,4,0,50848
2013,35-39,4,1,402
2013,35-39,4,2,157
2013,35-39,4,3,20
2013,35-39,4,4,304
2013,35-39,4,5,384
2013,35-39,4,9,757
2013,40+,1,0,61334
2013,40+,1,1,14714
2013,40+,1,2,1276
2013,40+,1,3,645
2013,40+,1,4,5018
2013,40+,1,5,2641
2013,40+,1,9,1318
2013,40+,2,0,14964
2013,40+,2,1,251
2013,40+,2,2,151
2013,40+,2,3,29
2013,40+,2,4,342
2013,40+,2,5,274
2013,40+,2,9,213
2013,40+,3,0,657
2013,40+,3,1,80
2013,40+,3,2,9
2013,40+,3,3,1
2013,40+,3,4,29
2013,40+,3,5,34
2013,40+,3,9,17
2013,40+,4,0,12985
2013,40+,4,1,118
2013,40+,4,2,29
2013,40+,4,3,3
2013,40+,4,4,69
2013,40+,4,5,118
2013,40+,4,9,337
2014,<20,1,0,99899
2014,<20,1,1,52932
2014,<20,1,2,5639
2014,<20,1,3,728
2014,<20,1,4,6967
2014,<20,1,5,14130
2014,<20,1,9,840
2014,<20,2,0,55774
2014,<20,2,1,1467
2014,<20,2,2,1410
2014,<20,2,3,108
2014,<20,2,4,841
2014,<20,2,5,1017
2014,<20,2,9,362
2014,<20,3,0,4097
2014,<20,3,1,573
2014,<20,3,2,59
2014,<20,3,3,11
2014,<20,3,4,63
2014,<20,3,5,206
2014,<20,3,9,47
2014,<20,4,0,3693
2014,<20,4,1,358
2014,<20,4,2,183
2014,<20,4,3,7
2014,<20,4,4,132
2014,<20,4,5,176
2014,<20,4,9,128
2014,20-24,1,0,420224
2014,20-24,1,1,139899
2014,20-24,1,2,16901
2014,20-24,1,3,3765
2014,20-24,1,4,22701
2014,20-24,1,5,37724
2014,20-24,1,9,3149
2014,20-24,2,0,182435
2014,20-24,2,1,3848
2014,20-24,2,2,3830
2014,20-24,2,3,327
2014,20-24,2,4,2521
2014,20-24,2,5,3013
2014,20-24,2,9,1128
2014,20-24,3,0,11905
2014,20-24,3,1,1284
2014,20-24,3,2,156
2014,20-24,3,3,16
2014,20-24,3,4,159
2014,20-24,3,5,476
2014,20-24,3,9,103
2014,20-24,4,0,23953
2014,20-24,4,1,1040
2014,20-24,4,2,462
2014,20-24,4,3,24
2014,20-24,4,4,382
2014,20-24,4,5,593
2014,20-24,4,9,549
2014,25-29,1,0,646097
2014,25-29,1,1,142643
2014,25-29,1,2,15533
2014,25-29,1,3,6031
2014,25-29,1,4,33187
2014,25-29,1,5,34044
2014,25-29,1,9,5027
2014,25-29,2,0,160935
2014,25-29,2,1,3306
2014,25-29,2,2,3040
2014,25-29,2,3,344
2014,25-29,2,4,3109
2014,25-29,2,5,3007
2014,25-29,2,9,1355
2014,25-29,3,0,10773
2014,25-29,3,1,1075
2014,25-29,3,2,125
2014,25-29,3,3,16
2014,25-29,3,4,243
2014,25-29,3,5,411
2014,25-29,3,9,141
2014,25-29,4,0,71060
2014,25-29,4,1,1043
2014,25-29,4,2,450
2014,25-29,4,3,39
2014,25-29,4,4,555
2014,25-29,4,5,770
2014,25-29,4,9,1033
2014,30-34,1,0,642219
2014,30-34,1,1,114643
2014,30-34,1,2,11583
2014,30-34,1,3,4976
2014,30-34,1,4,34197
2014,30-34,1,5,25461
2014,30-34,1,9,6300
2014,30-34,2,0,116939
2014,30-34,2,1,2400
2014,30-34,2,2,1855
2014,30-34,2,3,239
2014,30-34,2,4,2646
2014,30-34,2,5,2328
2014,30-34,2,9,1238
2014,30-34,3,0,7114
2014,30-34,3,1,784
2014,30-34,3,2,78
2014,30-34,3,3,12
2014,30-34,3,4,203
2014,30-34,3,5,284
2014,30-34,3,9,117
2014,30-34,4,0,101382
2014,30-34,4,1,903
2014,30-34,4,2,313
2014,30-34,4,3,40
2014,30-34,4,4,533
2014,30-34,4,5,754
2014,30-34,4,9,1517
2014,35-39,1,0,280788
2014,35-39,1,1,60053
2014,35-39,1,2,5772
2014,35-39,1,3,2566
2014,35-39,1,4,20424
2014,35-39,1,5,12131
2014,35-39,1,9,3748
2014,35-39,2,0,57647
2014,35-39,2,1,1190
2014,35-39,2,2,801
2014,35-39,2,3,114
2014,35-39,2,4,1526
2014,35-39,2,5,1223
2014,35-39,2,9,740
2014,35-39,3,0,2910
2014,35-39,3,1,326
2014,35-39,3,2,28
2014,35-39,3,3,7
2014,35-39,3,4,109
2014,35-39,3,5,136
2014,35-39,3,9,60
2014,35-39,4,0,54240
2014,35-39,4,1,433
2014,35-39,4,2,136
2014,35-39,4,3,19
2014,35-39,4,4,292
2014,35-39,4,5,358
2014,35-39,4,9,971
2014,40+,1,0,60075
2014,40+,1,1,15351
2014,40+,1,2,1307
2014,40+,1,3,730
2014,40+,1,4,5428
2014,40+,1,5,2725
2014,40+,1,9,1326
2014,40+,2,0,15161
2014,40+,2,1,261
2014,40+,2,2,192
2014,40+,2,3,40
2014,40+,2,4,332
2014,40+,2,5,281
2014,40+,2,9,232
2014,40+,3,0,673
2014,40+,3,1,74
2014,40+,3,2,5
2014,40+,3,3,1
2014,40+,3,4,24
2014,40+,3,5,32
2014,40+,3,9,12
2014,40+,4,0,13526
2014,40+,4,1,91
2014,40+,4,2,21
2014,40+,4,3,3
2014,40+,4,4,82
2014,40+,4,5,110
2014,40+,4,9,369
2015,<20,1,0,91415
2015,<20,1,1,48580
2015,<20,1,2,5336
2015,<20,1,3,665
2015,<20,1,4,7564
2015,<20,1,5,13072
2015,<20,1,9,814
2015,<20,2,0,50884
2015,<20,2,1,1457
2015,<20,2,2,1383
2015,<20,2,3,99
2015,<20,2,4,673
2015,<20,2,5,860
2015,<20,2,9,288
2015,<20,3,0,3920
2015,<20,3,1,516
2015,<20,3,2,63
2015,<20,3,3,7
2015,<20,3,4,60
2015,<20,3,5,188
2015,<20,3,9,37
2015,<20,4,0,3385
2015,<20,4,1,338
2015,<20,4,2,165
2015,<20,4,3,4
2015,<20,4,4,133
2015,<20,4,5,187
2015,<20,4,9,122
2015,20-24,1,0,399373
2015,20-24,1,1,137988
2015,20-24,1,2,16357
2015,20-24,1,3,3723
2015,20-24,1,4,23624
2015,20-24,1,5,36591
2015,20-24,1,9,3235
2015,20-24,2,0,175597
2015,20-24,2,1,3819
2015,20-24,2,2,4020
2015,20-24,2,3,353
2015,20-24,2,4,2083
2015,20-24,2,5,3151
2015,20-24,2,9,963
2015,20-24,3,0,11283
2015,20-24,3,1,1243
2015,20-24,3,2,151
2015,20-24,3,3,13
2015,20-24,3,4,169
2015,20-24,3,5,482
2015,20-24,3,9,117
2015,20-24,4,0,23185
2015,20-24,4,1,912
2015,20-24,4,2,484
2015,20-24,4,3,26
2015,20-24,4,4,420
2015,20-24,4,5,655
2015,20-24,4,9,492
2015,25-29,1,0,642150
2015,25-29,1,1,144822
2015,25-29,1,2,16187
2015,25-29,1,3,6408
2015,25-29,1,4,35043
2015,25-29,1,5,35825
2015,25-29,1,9,5501
2015,25-29,2,0,165895
2015,25-29,2,1,3296
2015,25-29,2,2,3405
2015,25-29,2,3,393
2015,25-29,2,4,2686
2015,25-29,2,5,3136
2015,25-29,2,9,1336
2015,25-29,3,0,10802
2015,25-29,3,1,1114
2015,25-29,3,2,134
2015,25-29,3,3,9
2015,25-29,3,4,256
2015,25-29,3,5,410
2015,25-29,3,9,117
2015,25-29,4,0,69288
2015,25-29,4,1,1047
2015,25-29,4,2,487
2015,25-29,4,3,35
2015,25-29,4,4,609
2015,25-29,4,5,804
2015,25-29,4,9,1116
2015,30-34,1,0,646767
2015,30-34,1,1,116944
2015,30-34,1,2,11787
2015,30-34,1,3,5542
2015,30-34,1,4,35959
2015,30-34,1,5,26091
2015,30-34,1,9,6938
2015,30-34,2,0,119976
2015,30-34,2,1,2436
2015,30-34,2,2,1996
2015,30-34,2,3,272
2015,30-34,2,4,2294
2015,30-34,2,5,2332
2015,30-34,2,9,1363
2015,30-34,3,0,7006
2015,30-34,3,1,761
2015,30-34,3,2,100
2015,30-34,3,3,12
2015,30-34,3,4,219
2015,30-34,3,5,327
2015,30-34,3,9,81
2015,30-34,4,0,101289
2015,30-34,4,1,820
2015,30-34,4,2,363
2015,30-34,4,3,31
2015,30-34,4,4,575
2015,30-34,4,5,786
2015,30-34,4,9,1626
2015,35-39,1,0,290877
2015,35-39,1,1,61515
2015,35-39,1,2,5871
2015,35-39,1,3,2618
2015,35-39,1,4,21920
2015,35-39,1,5,13345
2015,35-39,1,9,4196
2015,35-39,2,0,60863
2015,35-39,2,1,1217
2015,35-39,2,2,885
2015,35-39,2,3,131
2015,35-39,2,4,1258
2015,35-39,2,5,1261
2015,35-39,2,9,815
2015,35-39,3,0,3130
2015,35-39,3,1,364
2015,35-39,3,2,27
2015,35-39,3,3,7
2015,35-39,3,4,109
2015,35-39,3,5,131
2015,35-39,3,9,56
2015,35-39,4,0,54963
2015,35-39,4,1,428
2015,35-39,4,2,179
2015,35-39,4,3,16
2015,35-39,4,4,331
2015,35-39,4,5,432
2015,35-39,4,9,1051
2015,40+,1,0,59697
2015,40+,1,1,16098
2015,40+,1,2,1362
2015,40+,1,3,703
2015,40+,1,4,5816
2015,40+,1,5,3022
2015,40+,1,9,1514
2015,40+,2,0,15832
2015,40+,2,1,270
2015,40+,2,2,192
2015,40+,2,3,29
2015,40+,2,4,327
2015,40+,2,5,297
2015,40+,2,9,256
2015,40+,3,0,684
2015,40+,3,1,84
2015,40+,3,2,12
2015,40+,3,3,1
2015,40+,3,4,40
2015,40+,3,5,38
2015,40+,3,9,19
2015,40+,4,0,13738
2015,40+,4,1,100
2015,40+,4,2,41
2015,40+,4,3,10
2015,40+,4,4,81
2015,40+,4,5,113
2015,40+,4,9,397
2016,<20,1,0,81774
2016,<20,1,1,43297
2016,<20,1,2,4528
2016,<20,1,3,668
2016,<20,1,4,7273
2016,<20,1,5,11871
2016,<20,1,9,869
2016,<20,2,0,46686
2016,<20,2,1,2095
2016,<20,2,2,1383
2016,<20,2,3,100
2016,<20,2,4,1084
2016,<20,2,5,1055
2016,<20,2,9,280
2016,<20,3,0,3611
2016,<20,3,1,482
2016,<20,3,2,59
2016,<20,3,3,6
2016,<20,3,4,61
2016,<20,3,5,185
2016,<20,3,9,42
2016,<20,4,0,2996
2016,<20,4,1,565
2016,<20,4,2,232
2016,<20,4,3,13
2016,<20,4,4,358
2016,<20,4,5,393
2016,<20,4,9,96
2016,20-24,1,0,374508
2016,20-24,1,1,129276
2016,20-24,1,2,15128
2016,20-24,1,3,3617
2016,20-24,1,4,22093
2016,20-24,1,5,34075
2016,20-24,1,9,3840
2016,20-24,2,0,163118
2016,20-24,2,1,5760
2016,20-24,2,2,4355
2016,20-24,2,3,426
2016,20-24,2,4,3198
2016,20-24,2,5,3625
2016,20-24,2,9,926
2016,20-24,3,0,10509
2016,20-24,3,1,1265
2016,20-24,3,2,149
2016,20-24,3,3,20
2016,20-24,3,4,154
2016,20-24,3,5,449
2016,20-24,3,9,86
2016,20-24,4,0,22387
2016,20-24,4,1,1695
2016,20-24,4,2,750
2016,20-24,4,3,44
2016,20-24,4,4,964
2016,20-24,4,5,1173
2016,20-24,4,9,388
2016,25-29,1,0,627597
2016,25-29,1,1,141392
2016,25-29,1,2,15762
2016,25-29,1,3,6567
2016,25-29,1,4,32492
2016,25-29,1,5,35591
2016,25-29,1,9,6318
2016,25-29,2,0,170684
2016,25-29,2,1,5599
2016,25-29,2,2,4025
2016,25-29,2,3,542
2016,25-29,2,4,4118
2016,25-29,2,5,4246
2016,25-29,2,9,1253
2016,25-29,3,0,10954
2016,25-29,3,1,1126
2016,25-29,3,2,140
2016,25-29,3,3,19
2016,25-29,3,4,206
2016,25-29,3,5,406
2016,25-29,3,9,116
2016,25-29,4,0,73133
2016,25-29,4,1,1985
2016,25-29,4,2,738
2016,25-29,4,3,68
2016,25-29,4,4,1407
2016,25-29,4,5,1596
2016,25-29,4,9,1042
2016,30-34,1,0,652261
2016,30-34,1,1,113135
2016,30-34,1,2,11173
2016,30-34,1,3,6209
2016,30-34,1,4,33631
2016,30-34,1,5,26037
2016,30-34,1,9,8192
2016,30-34,2,0,122915
2016,30-34,2,1,4307
2016,30-34,2,2,2448
2016,30-34,2,3,421
2016,30-34,2,4,3798
2016,30-34,2,5,3232
2016,30-34,2,9,1326
2016,30-34,3,0,7208
2016,30-34,3,1,806
2016,30-34,3,2,74
2016,30-34,3,3,20
2016,30-34,3,4,170
2016,30-34,3,5,291
2016,30-34,3,9,95
2016,30-34,4,0,106645
2016,30-34,4,1,1662
2016,30-34,4,2,473
2016,30-34,4,3,62
2016,30-34,4,4,1414
2016,30-34,4,5,1372
2016,30-34,4,9,1665
2016,35-39,1,0,298864
2016,35-39,1,1,61007
2016,35-39,1,2,5983
2016,35-39,1,3,2767
2016,35-39,1,4,21564
2016,35-39,1,5,13284
2016,35-39,1,9,5434
2016,35-39,2,0,64174
2016,35-39,2,1,2314
2016,35-39,2,2,1178
2016,35-39,2,3,185
2016,35-39,2,4,2257
2016,35-39,2,5,1770
2016,35-39,2,9,802
2016,35-39,3,0,3243
2016,35-39,3,1,378
2016,35-39,3,2,42
2016,35-39,3,3,11
2016,35-39,3,4,125
2016,35-39,3,5,150
2016,35-39,3,9,44
2016,35-39,4,0,58048
2016,35-39,4,1,963
2016,35-39,4,2,233
2016,35-39,4,3,31
2016,35-39,4,4,869
2016,35-39,4,5,737
2016,35-39,4,9,1031
2016,40+,1,0,59050
2016,40+,1,1,15966
2016,40+,1,2,1352
2016,40+,1,3,705
2016,40+,1,4,5874
2016,40+,1,5,3177
2016,40+,1,9,1769
2016,40+,2,0,16209
2016,40+,2,1,585
2016,40+,2,2,251
2016,40+,2,3,55
2016,40+,2,4,610
2016,40+,2,5,409
2016,40+,2,9,263
2016,40+,3,0,688
2016,40+,3,1,85
2016,40+,3,2,8
2016,40+,3,3,1
2016,40+,3,4,29
2016,40+,3,5,27
2016,40+,3,9,15
2016,40+,4,0,13874
2016,40+,4,1,248
2016,40+,4,2,53
2016,40+,4,3,16
2016,40+,4,4,234
2016,40+,4,5,230
2016,40+,4,9,400
2017,<20,1,0,75209
2017,<20,1,1,39063
2017,<20,1,2,4151
2017,<20,1,3,682
2017,<20,1,4,7064
2017,<20,1,5,11047
2017,<20,1,9,707
2017,<20,2,0,43854
2017,<20,2,1,1954
2017,<20,2,2,1434
2017,<20,2,3,117
2017,<20,2,4,1177
2017,<20,2,5,1112
2017,<20,2,9,244
2017,<20,3,0,3316
2017,<20,3,1,502
2017,<20,3,2,53
2017,<20,3,3,5
2017,<20,3,4,70
2017,<20,3,5,133
2017,<20,3,9,43
2017,<20,4,0,2713
2017,<20,4,1,579
2017,<20,4,2,221
2017,<20,4,3,21
2017,<20,4,4,372
2017,<20,4,5,371
2017,<20,4,9,80
2017,20-24,1,0,352786
2017,20-24,1,1,121439
2017,20-24,1,2,14907
2017,20-24,1,3,3615
2017,20-24,1,4,22456
2017,20-24,1,5,33013
2017,20-24,1,9,3094
2017,20-24,2,0,157192
2017,20-24,2,1,5525
2017,20-24,2,2,4234
2017,20-24,2,3,439
2017,20-24,2,4,3384
2017,20-24,2,5,3461
2017,20-24,2,9,799
2017,20-24,3,0,9847
2017,20-24,3,1,1239
2017,20-24,3,2,156
2017,20-24,3,3,10
2017,20-24,3,4,168
2017,20-24,3,5,405
2017,20-24,3,9,69
2017,20-24,4,0,21382
2017,20-24,4,1,1687
2017,20-24,4,2,660
2017,20-24,4,3,53
2017,20-24,4,4,1116
2017,20-24,4,5,1239
2017,20-24,4,9,405
2017,25-29,1,0,605236
2017,25-29,1,1,137013
2017,25-29,1,2,15996
2017,25-29,1,3,6937
2017,25-29,1,4,32304
2017,25-29,1,5,36450
2017,25-29,1,9,5517
2017,25-29,2,0,175210
2017,25-29,2,1,5440
2017,25-29,2,2,4181
2017,25-29,2,3,546
2017,25-29,2,4,4187
2017,25-29,2,5,4398
2017,25-29,2,9,1201
2017,25-29,3,0,10560
2017,25-29,3,1,1184
2017,25-29,3,2,122
2017,25-29,3,3,27
2017,25-29,3,4,224
2017,25-29,3,5,418
2017,25-29,3,9,110
2017,25-29,4,0,69558
2017,25-29,4,1,1924
2017,25-29,4,2,738
2017,25-29,4,3,69
2017,25-29,4,4,1460
2017,25-29,4,5,1512
2017,25-29,4,9,1055
2017,30-34,1,0,636390
2017,30-34,1,1,108143
2017,30-34,1,2,11513
2017,30-34,1,3,6437
2017,30-34,1,4,33648
2017,30-34,1,5,26862
2017,30-34,1,9,7042
2017,30-34,2,0,126920
2017,30-34,2,1,4064
2017,30-34,2,2,2499
2017,30-34,2,3,474
2017,30-34,2,4,3984
2017,30-34,2,5,3287
2017,30-34,2,9,1249
2017,30-34,3,0,6900
2017,30-34,3,1,760
2017,30-34,3,2,101
2017,30-34,3,3,20
2017,30-34,3,4,225
2017,30-34,3,5,294
2017,30-34,3,9,85
2017,30-34,4,0,104218
2017,30-34,4,1,1540
2017,30-34,4,2,519
2017,30-34,4,3,64
2017,30-34,4,4,1481
2017,30-34,4,5,1437
2017,30-34,4,9,1761
2017,35-39,1,0,301574
2017,35-39,1,1,59568
2017,35-39,1,2,6023
2017,35-39,1,3,2821
2017,35-39,1,4,21733
2017,35-39,1,5,14345
2017,35-39,1,9,4629
2017,35-39,2,0,67232
2017,35-39,2,1,2269
2017,35-39,2,2,1202
2017,35-39,2,3,197
2017,35-39,2,4,2519
2017,35-39,2,5,1912
2017,35-39,2,9,830
2017,35-39,3,0,3188
2017,35-39,3,1,420
2017,35-39,3,2,65
2017,35-39,3,3,5
2017,35-39,3,4,130
2017,35-39,3,5,151
2017,35-39,3,9,46
2017,35-39,4,0,59771
2017,35-39,4,1,905
2017,35-39,4,2,288
2017,35-39,4,3,30
2017,35-39,4,4,936
2017,35-39,4,5,834
2017,35-39,4,9,1173
2017,40+,1,0,59298
2017,40+,1,1,15993
2017,40+,1,2,1397
2017,40+,1,3,707
2017,40+,1,4,5952
2017,40+,1,5,3455
2017,40+,1,9,1629
2017,40+,2,0,16949
2017,40+,2,1,596
2017,40+,2,2,286
2017,40+,2,3,73
2017,40+,2,4,733
2017,40+,2,5,476
2017,40+,2,9,275
2017,40+,3,0,692
2017,40+,3,1,80
2017,40+,3,2,11
2017,40+,3,3,5
2017,40+,3,4,37
2017,40+,3,5,29
2017,40+,3,9,11
2017,40+,4,0,14233
2017,40+,4,1,239
2017,40+,4,2,56
2017,40+,4,3,8
2017,40+,4,4,254
2017,40+,4,5,208
2017,40+,4,9,454
2018,<20,1,0,68114
2018,<20,1,1,36719
2018,<20,1,2,4162
2018,<20,1,3,608
2018,<20,1,4,8122
2018,<20,1,5,10551
2018,<20,1,9,646
2018,<20,2,0,41192
2018,<20,2,1,1308
2018,<20,2,2,1209
2018,<20,2,3,98
2018,<20,2,4,600
2018,<20,2,5,904
2018,<20,2,9,249
2018,<20,3,0,2988
2018,<20,3,1,465
2018,<20,3,2,62
2018,<20,3,3,6
2018,<20,3,4,122
2018,<20,3,5,161
2018,<20,3,9,27
2018,<20,4,0,2411
2018,<20,4,1,305
2018,<20,4,2,129
2018,<20,4,3,15
2018,<20,4,4,140
2018,<20,4,5,166
2018,<20,4,9,128
2018,20-24,1,0,336250
2018,20-24,1,1,116226
2018,20-24,1,2,15039
2018,20-24,1,3,3503
2018,20-24,1,4,24364
2018,20-24,1,5,33002
2018,20-24,1,9,2954
2018,20-24,2,0,147083
2018,20-24,2,1,3628
2018,20-24,2,2,3912
2018,20-24,2,3,338
2018,20-24,2,4,1945
2018,20-24,2,5,3137
2018,20-24,2,9,793
2018,20-24,3,0,9081
2018,20-24,3,1,1292
2018,20-24,3,2,167
2018,20-24,3,3,17
2018,20-24,3,4,270
2018,20-24,3,5,413
2018,20-24,3,9,107
2018,20-24,4,0,19614
2018,20-24,4,1,928
2018,20-24,4,2,459
2018,20-24,4,3,20
2018,20-24,4,4,461
2018,20-24,4,5,580
2018,20-24,4,9,592
2018,25-29,1,0,587743
2018,25-29,1,1,137277
2018,25-29,1,2,16831
2018,25-29,1,3,6822
2018,25-29,1,4,34696
2018,25-29,1,5,38466
2018,25-29,1,9,5375
2018,25-29,2,0,174466
2018,25-29,2,1,3459
2018,25-29,2,2,4089
2018,25-29,2,3,451
2018,25-29,2,4,2558
2018,25-29,2,5,3999
2018,25-29,2,9,1271
2018,25-29,3,0,10621
2018,25-29,3,1,1259
2018,25-29,3,2,163
2018,25-29,3,3,15
2018,25-29,3,4,341
2018,25-29,3,5,484
2018,25-29,3,9,105
2018,25-29,4,0,64442
2018,25-29,4,1,1057
2018,25-29,4,2,495
2018,25-29,4,3,43
2018,25-29,4,4,618
2018,25-29,4,5,854
2018,25-29,4,9,1491
2018,30-34,1,0,633321
2018,30-34,1,1,108475
2018,30-34,1,2,12071
2018,30-34,1,3,7003
2018,30-34,1,4,36808
2018,30-34,1,5,28787
2018,30-34,1,9,6885
2018,30-34,2,0,128867
2018,30-34,2,1,2345
2018,30-34,2,2,2514
2018,30-34,2,3,360
2018,30-34,2,4,2421
2018,30-34,2,5,3030
2018,30-34,2,9,1316
2018,30-34,3,0,7052
2018,30-34,3,1,885
2018,30-34,3,2,127
2018,30-34,3,3,17
2018,30-34,3,4,299
2018,30-34,3,5,339
2018,30-34,3,9,96
2018,30-34,4,0,102719
2018,30-34,4,1,830
2018,30-34,4,2,343
2018,30-34,4,3,46
2018,30-34,4,4,645
2018,30-34,4,5,848
2018,30-34,4,9,2248
2018,35-39,1,0,308855
2018,35-39,1,1,60329
2018,35-39,1,2,6458
2018,35-39,1,3,3094
2018,35-39,1,4,23764
2018,35-39,1,5,15515
2018,35-39,1,9,4686
2018,35-39,2,0,69518
2018,35-39,2,1,1263
2018,35-39,2,2,1197
2018,35-39,2,3,160
2018,35-39,2,4,1429
2018,35-39,2,5,1689
2018,35-39,2,9,886
2018,35-39,3,0,3246
2018,35-39,3,1,499
2018,35-39,3,2,65
2018,35-39,3,3,7
2018,35-39,3,4,191
2018,35-39,3,5,173
2018,35-39,3,9,61
2018,35-39,4,0,60641
2018,35-39,4,1,487
2018,35-39,4,2,190
2018,35-39,4,3,19
2018,35-39,4,4,371
2018,35-39,4,5,483
2018,35-39,4,9,1510
2018,40+,1,0,60702
2018,40+,1,1,16245
2018,40+,1,2,1586
2018,40+,1,3,776
2018,40+,1,4,6706
2018,40+,1,5,3674
2018,40+,1,9,1503
2018,40+,2,0,18048
2018,40+,2,1,335
2018,40+,2,2,285
2018,40+,2,3,48
2018,40+,2,4,422
2018,40+,2,5,435
2018,40+,2,9,295
2018,40+,3,0,698
2018,40+,3,1,113
2018,40+,3,2,5
2018,40+,3,3,2
2018,40+,3,4,47
2018,40+,3,5,43
2018,40+,3,9,14
2018,40+,4,0,13989
2018,40+,4,1,102
2018,40+,4,2,56
2018,40+,4,3,3
2018,40+,4,4,90
2018,40+,4,5,131
2018,40+,4,9,603
2019,<20,1,0,63502
2019,<20,1,1,35111
2019,<20,1,2,3814
2019,<20,1,3,554
2019,<20,1,4,9488
2019,<20,1,5,8417
2019,<20,1,9,664
2019,<20,2,0,40249
2019,<20,2,1,1304
2019,<20,2,2,1294
2019,<20,2,3,112
2019,<20,2,4,811
2019,<20,2,5,854
2019,<20,2,9,240
2019,<20,3,0,2885
2019,<20,3,1,499
2019,<20,3,2,67
2019,<20,3,3,3
2019,<20,3,4,133
2019,<20,3,5,132
2019,<20,3,9,30
2019,<20,4,0,2356
2019,<20,4,1,304
2019,<20,4,2,140
2019,<20,4,3,5
2019,<20,4,4,196
2019,<20,4,5,158
2019,<20,4,9,139
2019,20-24,1,0,322808
2019,20-24,1,1,115373
2019,20-24,1,2,14247
2019,20-24,1,3,3408
2019,20-24,1,4,29003
2019,20-24,1,5,27107
2019,20-24,1,9,3077
2019,20-24,2,0,142070
2019,20-24,2,1,3812
2019,20-24,2,2,4045
2019,20-24,2,3,317
2019,20-24,2,4,2336
2019,20-24,2,5,3054
2019,20-24,2,9,811
2019,20-24,3,0,8862
2019,20-24,3,1,1367
2019,20-24,3,2,177
2019,20-24,3,3,18
2019,20-24,3,4,363
2019,20-24,3,5,365
2019,20-24,3,9,72
2019,20-24,4,0,18329
2019,20-24,4,1,989
2019,20-24,4,2,479
2019,20-24,4,3,27
2019,20-24,4,4,526
2019,20-24,4,5,539
2019,20-24,4,9,761
2019,25-29,1,0,567616
2019,25-29,1,1,140020
2019,25-29,1,2,16478
2019,25-29,1,3,6530
2019,25-29,1,4,39124
2019,25-29,1,5,33266
2019,25-29,1,9,5543
2019,25-29,2,0,173944
2019,25-29,2,1,3735
2019,25-29,2,2,4229
2019,25-29,2,3,471
2019,25-29,2,4,2878
2019,25-29,2,5,4022
2019,25-29,2,9,1310
2019,25-29,3,0,9950
2019,25-29,3,1,1338
2019,25-29,3,2,220
2019,25-29,3,3,18
2019,25-29,3,4,424
2019,25-29,3,5,446
2019,25-29,3,9,126
2019,25-29,4,0,61591
2019,25-29,4,1,1157
2019,25-29,4,2,506
2019,25-29,4,3,44
2019,25-29,4,4,709
2019,25-29,4,5,770
2019,25-29,4,9,1632
2019,30-34,1,0,627386
2019,30-34,1,1,107829
2019,30-34,1,2,12457
2019,30-34,1,3,7267
2019,30-34,1,4,39726
2019,30-34,1,5,25645
2019,30-34,1,9,7088
2019,30-34,2,0,131287
2019,30-34,2,1,2587
2019,30-34,2,2,2682
2019,30-34,2,3,464
2019,30-34,2,4,2621
2019,30-34,2,5,3330
2019,30-34,2,9,1468
2019,30-34,3,0,7068
2019,30-34,3,1,943
2019,30-34,3,2,132
2019,30-34,3,3,15
2019,30-34,3,4,376
2019,30-34,3,5,306
2019,30-34,3,9,123
2019,30-34,4,0,103087
2019,30-34,4,1,933
2019,30-34,4,2,389
2019,30-34,4,3,53
2019,30-34,4,4,716
2019,30-34,4,5,812
2019,30-34,4,9,2491
2019,35-39,1,0,310633
2019,35-39,1,1,60473
2019,35-39,1,2,6135
2019,35-39,1,3,3386
2019,35-39,1,4,25396
2019,35-39,1,5,14051
2019,35-39,1,9,4875
2019,35-39,2,0,70605
2019,35-39,2,1,1331
2019,35-39,2,2,1310
2019,35-39,2,3,191
2019,35-39,2,4,1657
2019,35-39,2,5,1815
2019,35-39,2,9,938
2019,35-39,3,0,3359
2019,35-39,3,1,482
2019,35-39,3,2,72
2019,35-39,3,3,5
2019,35-39,3,4,231
2019,35-39,3,5,152
2019,35-39,3,9,58
2019,35-39,4,0,61951
2019,35-39,4,1,535
2019,35-39,4,2,226
2019,35-39,4,3,26
2019,35-39,4,4,456
2019,35-39,4,5,511
2019,35-39,4,9,1738
2019,40+,1,0,62208
2019,40+,1,1,15975
2019,40+,1,2,1515
2019,40+,1,3,705
2019,40+,1,4,7419
2019,40+,1,5,3522
2019,40+,1,9,1605
2019,40+,2,0,18530
2019,40+,2,1,376
2019,40+,2,2,274
2019,40+,2,3,41
2019,40+,2,4,454
2019,40+,2,5,449
2019,40+,2,9,334
2019,40+,3,0,681
2019,40+,3,1,101
2019,40+,3,2,14
2019,40+,3,3,1
2019,40+,3,4,66
2019,40+,3,5,47
2019,40+,3,9,23
2019,40+,4,0,14329
2019,40+,4,1,142
2019,40+,4,2,48
2019,40+,4,3,7
2019,40+,4,4,120
2019,40+,4,5,134
2019,40+,4,9,641
2020,<20,,0,99288
2020,<20,,1,34721
2020,<20,,2,4775
2020,<20,,3,656
2020,<20,,4,10826
2020,<20,,5,8506
2020,<20,,9,1036
2020,20-24,,0,461929
2020,20-24,,1,116234
2020,20-24,,2,18229
2020,20-24,,3,3657
2020,20-24,,4,32287
2020,20-24,,5,28744
2020,20-24,,9,4515
2020,25-29,,0,766033
2020,25-29,,1,142090
2020,25-29,,2,20918
2020,25-29,,3,6482
2020,25-29,,4,45043
2020,25-29,,5,35985
2020,25-29,,9,7851
2020,30-34,,0,850049
2020,30-34,,1,110908
2020,30-34,,2,16139
2020,30-34,,3,7847
2020,30-34,,4,44595
2020,30-34,,5,29754
2020,30-34,,9,10692
2020,35-39,,0,439921
2020,35-39,,1,60491
2020,35-39,,2,7714
2020,35-39,,3,3831
2020,35-39,,4,28695
2020,35-39,,5,16198
2020,35-39,,9,7209
2020,40+,,0,95768
2020,40+,,1,16087
2020,40+,,2,1988
2020,40+,,3,715
2020,40+,,4,8365
2020,40+,,5,4233
2020,40+,,9,2643
2021,<20,,0,91794
2021,<20,,1,31764
2021,<20,,2,4262
2021,<20,,3,571
2021,<20,,4,11503
2021,<20,,5,7933
2021,<20,,9,1023
2021,20-24,,0,444297
2021,20-24,,1,115837
2021,20-24,,2,17871
2021,20-24,,3,3653
2021,20-24,,4,33801
2021,20-24,,5,28611
2021,20-24,,9,4414
2021,25-29,,0,758740
2021,25-29,,1,145546
2021,25-29,,2,21081
2021,25-29,,3,6623
2021,25-29,,4,46490
2021,25-29,,5,37104
2021,25-29,,9,8405
2021,30-34,,0,882824
2021,30-34,,1,114584
2021,30-34,,2,17285
2021,30-34,,3,8495
2021,30-34,,4,47794
2021,30-34,,5,32372
2021,30-34,,9,11701
2021,35-39,,0,463749
2021,35-39,,1,61159
2021,35-39,,2,8168
2021,35-39,,3,4290
2021,35-39,,4,29736
2021,35-39,,5,16976
2021,35-39,,9,8101
2021,40+,,0,100591
2021,40+,,1,16237
2021,40+,,2,2062
2021,40+,,3,805
2021,40+,,4,8743
2021,40+,,5,4560
2021,40+,,9,2737
2022,<20,,0,87221
2022,<20,,1,32476
2022,<20,,2,4135
2022,<20,,3,584
2022,<20,,4,12943
2022,<20,,5,7224
2022,<20,,9,1031
2022,20-24,,0,427196
2022,20-24,,1,118647
2022,20-24,,2,16429
2022,20-24,,3,3863
2022,20-24,,4,41251
2022,20-24,,5,26758
2022,20-24,,9,4541
2022,25-29,,0,734883
2022,25-29,,1,151390
2022,25-29,,2,20792
2022,25-29,,3,7136
2022,25-29,,4,55454
2022,25-29,,5,35585
2022,25-29,,9,8177
2022,30-34,,0,870178
2022,30-34,,1,124391
2022,30-34,,2,17488
2022,30-34,,3,9086
2022,30-34,,4,54524
2022,30-34,,5,32214
2022,30-34,,9,10906
2022,35-39,,0,469233
2022,35-39,,1,65649
2022,35-39,,2,8330
2022,35-39,,3,4805
2022,35-39,,4,33630
2022,35-39,,5,17261
2022,35-39,,9,7690
2022,40+,,0,106685
2022,40+,,1,17641
2022,40+,,2,2092
2022,40+,,3,916
2022,40+,,4,10041
2022,40+,,5,4686
2022,40+,,9,2596
2023,<20,,0,83065
2023,<20,,1,32221
2023,<20,,2,3830
2023,<20,,3,643
2023,<20,,4,14628
2023,<20,,5,7392
2023,<20,,9,964
2023,20-24,,0,405370
2023,20-24,,1,117437
2023,20-24,,2,15415
2023,20-24,,3,4816
2023,20-24,,4,42377
2023,20-24,,5,27657
2023,20-24,,9,3898
2023,25-29,,0,709088
2023,25-29,,1,149457
2023,25-29,,2,19476
2023,25-29,,3,8314
2023,25-29,,4,56021
2023,25-29,,5,37049
2023,25-29,,9,7162
2023,30-34,,0,846794
2023,30-34,,1,125796
2023,30-34,,2,16884
2023,30-34,,3,9659
2023,30-34,,4,52706
2023,30-34,,5,35444
2023,30-34,,9,10769
2023,35-39,,0,465525
2023,35-39,,1,65363
2023,35-39,,2,8477
2023,35-39,,3,5447
2023,35-39,,4,32976
2023,35-39,,5,19360
2023,35-39,,9,7483
2023,40+,,0,108115
2023,40+,,1,17853
2023,40+,,2,2121
2023,40+,,3,1122
2023,40+,,4,9910
2023,40+,,5,5349
2023,40+,,9,2584
2024,<20,,0,79476
2024,<20,,1,31966
2024,<20,,2,3671
2024,<20,,3,687
2024,<20,,4,15041
2024,<20,,5,7120
2024,<20,,9,1039
2024,20-24,,0,391328
2024,20-24,,1,120247
2024,20-24,,2,14777
2024,20-24,,3,5327
2024,20-24,,4,48431
2024,20-24,,5,27583
2024,20-24,,9,4107
2024,25-29,,0,700051
2024,25-29,,1,153597
2024,25-29,,2,19104
2024,25-29,,3,9154
2024,25-29,,4,63951
2024,25-29,,5,37392
2024,25-29,,9,7568
2024,30-34,,0,848026
2024,30-34,,1,131226
2024,30-34,,2,17144
2024,30-34,,3,10105
2024,30-34,,4,58786
2024,30-34,,5,35750
2024,30-34,,9,11372
2024,35-39,,0,478046
2024,35-39,,1,66436
2024,35-39,,2,8772
2024,35-39,,3,5760
2024,35-39,,4,35103
2024,35-39,,5,20061
2024,35-39,,9,8339
2024,40+,,0,112463
2024,40+,,1,17677
2024,40+,,2,2047
2024,40+,,3,1282
2024,40+,,4,10411
2024,40+,,5,5484
2024,40+,,9,3027
