tag,line,claim,manuscript,computed,status,note
C01/C16/C53,"3, 19, 125",Natality 1990-2024,"138,819,655","138,819,655",PASS,
C02/C18/C54,"3, 19, 125",Linked B-ID 2005-2023,"74,943,824","74,943,824",PASS,
C03/C21/C55,"3, 19, 125",Fetal death 1992-2022,"1,634,195","1,634,195",PASS,
C05,7,fetal deaths 20-30K/year,"20,000-30,000","20,202-30,256",PASS,
C06,7,infant deaths ~20K/year,"~20,000","19,346-23,327 (mean 20,529)",PASS,
C17,19,Natality columns,84,84,PASS,
C19,19,Linked B-ID columns,94,94,PASS,
C22,19,Fetal death columns,89,89,PASS,
C25,21,"50 × 197 × 10 = 98,500 byte comparisons","98,500","98,500",PASS,
C26,21,zero mismatches 1992-2002,0,0 years not external-validated,PASS,
C27,23,natality boundaries,5,5,PASS,
C28,23,linked boundaries,3,3,PASS,
C29,23,fetal-death boundaries,2,3,PASS,manuscript counts transitions (2); Table 1 has 3 eras (eras = transitions + 1 for fetal-death)
C30,45,natality 71 harm + 13 deriv = 84,71 + 13 = 84,parquet=84 cols (schema CSV uses cross-era ontology with 94 rows),PASS,schema CSV split not directly extractable; parquet total verified
C31,45,linked 84 + 7 + 3 = 94,+ 10 over natality,parquet=94 (linked-natality=10),PASS,
C32,45,fetal-death 73 harmonized + 16 derived = 89,73 + 16 = 89,73 + 16 = 89,PASS,
C34,69,five fetal-death normalizations,5,5 per release-notes Summary line,PASS,release notes B1-B6 plus relabels; Summary line confirms 5 normalizations + 3 relabels
C37,83,live_births_by_year sources NVSR 57-08 + 73-09,NVSR 57-08 (1995-2002) + NVSR 73-09 (2005-2022),col source populated,PASS,
C39,94,183/183 natality V1 targets,183/183,183/183,PASS,
C40,94,33/35 byte-exact + 2 differ by 1,33 byte-exact + 2 by 1 = 35 total,33 byte-exact + 2 by 1 = 35 total,PASS,
C41,94,29/29 per-year fetal-death counts,29/29,29/29,PASS,
C42,94,26/26 per-year fetal mortality rates,26/26,26 target rows,PASS,
C43,94,source attribution per year,NVSR 73-09 / 57-08 / NCHS user guide,1992-1994 UG=True; 1995-2002 57-08=True; 2005-2022 73-09=True,PASS,
C44,100,cause-of-death not in PUF pre-2014,fetal_death/CODEBOOK.md cause_icd10 entry,"pre-2014 blank-rate min=100.0% (uses empty-string sentinel, not NA)",PASS,
C45,100,~50% records lack cause data 2018+,fetal_death/CODEBOOK.md cause_icd10,2018+ blank-rate range 46.9-50.8%,PASS,
C33,60,three within_era columns,3,24 (three named ARE within_era; manuscript wording is scope-restrictive),L11,PRE-FLIGHT decision: scope-restrictive reading; Task 5 line-60 precision-edit recommended
C47,104,MEDUC blank V1 2007-2013(+),blank (manuscript uses raw NCHS name),raw NCHS MEDUC maps to harmonized: ['certificate_revision'],L11,manuscript italicises raw NCHS field name as if a harmonized column — Task 5 wording fix
C48,104,FAGECOMB blank V1 2007-2013(+),blank (manuscript uses raw NCHS name),raw NCHS FAGECOMB maps to harmonized: [],L11,manuscript italicises raw NCHS field name as if a harmonized column — Task 5 wording fix
C49,104,MEDUC_REC blank V1 2007-2013(+),blank (manuscript uses raw NCHS name),raw NCHS MEDUC_REC maps to harmonized: ['maternal_education_cat4'],L11,manuscript italicises raw NCHS field name as if a harmonized column — Task 5 wording fix
C04,7,natality ~3.5M live births/year,~3.5M,"3,966,275 (mean), 3,605,081-4,324,008",DIFF,
C07,9,2003-2014 natality phasing,NCHS source docs,(cite-only or out-of-monorepo),CITE-ONLY,
C08,9,2005-2017 V1 fetal-death window,fetal_death/COMPARABILITY.md,(cite-only or out-of-monorepo),CITE-ONLY,
C09,9,100% A-version in 2018,fetal_death/COMPARABILITY.md,(cite-only or out-of-monorepo),CITE-ONLY,
C10,9,2006 natality 1500->775 bytes,natality record_layout_2006/2013,(cite-only or out-of-monorepo),CITE-ONLY,
C11,9,2009 unrevised-only blanked,natality COMPARABILITY,(cite-only or out-of-monorepo),CITE-ONLY,
C12,9,2014 natality 1345-byte layout,natality record_layout_2014,(cite-only or out-of-monorepo),CITE-ONLY,
C13,11,Salihu 1995-1998 citation,PMID/DOI footnote,(cite-only or out-of-monorepo),CITE-ONLY,
C14,11,Willinger 2001-2002 citation,PMID/DOI footnote,(cite-only or out-of-monorepo),CITE-ONLY,
C15,15,first release 2026,STATUS.md bootstrap entry,(cite-only or out-of-monorepo),CITE-ONLY,
C20,19,2005-2015 denom-plus; 2016-2023 period-cohort merged,COMPARABILITY,(cite-only or out-of-monorepo),CITE-ONLY,
C23,21,2003 transition 1351 bytes,NCHS 2003 fetal-death user guide (V2.1 deferred),(cite-only or out-of-monorepo),CITE-ONLY,
C24,21,2004 transition 1501 bytes,NCHS 2004 fetal-death user guide (V2.1 deferred),(cite-only or out-of-monorepo),CITE-ONLY,
C35,75,fetal-death pipeline ~6 min,benchmark (not in shipped artifact),(cite-only or out-of-monorepo),CITE-ONLY,
C36,75,natality pipeline ~90 min,benchmark (not in shipped artifact),(cite-only or out-of-monorepo),CITE-ONLY,
C37,83,live_births_by_year sources NVSR 57-08 + 73-09,fetal_death/live_births_by_year.csv Source col,(cite-only or out-of-monorepo),CITE-ONLY,
C38,85,Level 1/2/3 verification timing,benchmark (not in shipped artifact),(cite-only or out-of-monorepo),CITE-ONLY,
C46,100,state IDs in fetal-death raw 1992-2002 only,fetal_death/PROVENANCE / raw parquets,(cite-only or out-of-monorepo),CITE-ONLY,
C50,106,Maryland 1992-1998 no Hispanic,fetal_death/COMPARABILITY.md,(cite-only or out-of-monorepo),CITE-ONLY,
C51,106,Massachusetts 1992-1997 no Hispanic,fetal_death/COMPARABILITY.md,(cite-only or out-of-monorepo),CITE-ONLY,
C52,106,Louisiana 1992-1994 plurality under-reported,fetal_death/COMPARABILITY.md,(cite-only or out-of-monorepo),CITE-ONLY,
